<?xml version="1.0" encoding="ISO-8859-1"?>
<!DOCTYPE bifdoc SYSTEM "http://www.tabasoft.it/biferno/bfdocdtd/bifdoc.dtd">
<bifdoc>
	<property static="yes" visibility="public">
		<pclass>curApp</pclass>
		<name>cacheItems</name>
		<purpose><par>List of files in cache</par></purpose>
		<return_value>
			<pclass>array</pclass>
			<aeclass>cacheItem</aeclass>
			<aelevel>1</aelevel>
		</return_value>
		<descr><par>Returns an array containing the path of all the files currently in the application cache</par></descr>
		<see_also><par><link linkend="property.curApp.cacheTotSize">curApp.cacheTotSize</link>, <link linkend="property.curApp.cacheTotItems">curApp.cacheTotItems</link></par></see_also>
		<note><par>If the cache is inactive (variable CACHE is false) this array is always empty. The property is only read</par></note>
	</property>
</bifdoc>
