<?xml version="1.0" encoding="ISO-8859-1"?>
<!DOCTYPE bifdoc SYSTEM "http://www.tabasoft.it/biferno/bfdocdtd/bifdoc.dtd">
<bifdoc>
	<property static="yes" visibility="public">
		<pclass>curApp</pclass>
		<name>cacheTotItems</name>
		<purpose><par>Total files in cache</par></purpose>
		<return_value>
			<pclass>int</pclass>
		</return_value>
		<descr><par>Returns the number of files currently in the application cache</par></descr>
		<see_also><par><link linkend="property.curApp.cacheTotSize">curApp.cacheTotSize</link>, <link linkend="property.curApp.cacheItems">curApp.cacheItems</link></par></see_also>
		<note><par>If the cache is inactive (variable CACHE is false) this value is always zero. The property is only read</par></note>
	</property>
</bifdoc>
