<?xml version="1.0" encoding="ISO-8859-1"?>
<!DOCTYPE bifdoc SYSTEM "http://www.tabasoft.it/biferno/bfdocdtd/bifdoc.dtd">
<bifdoc>
	<property static="yes" visibility="public">
		<pclass>curApp</pclass>
		<name>children</name>
		<purpose><par>List of subapplication</par></purpose>
		<return_value>
			<pclass>array</pclass>
			<aeclass>string</aeclass>
			<aelevel>1</aelevel>
		</return_value>
		<descr><par>Returns the list of all applications that are subapplication (children) of the current</par></descr>
		<note><par>If we create a configuration file in a subdirectory of an application we have created a subapplication (or children). </par>
<par>Subapplications inherit as default the preferences of the parent application (the parent configuration file is executed before the child application configuration file). All applications running on the same Web server are subapplications of the &quot;BifernoMain&quot; application.</par>
<par>Only read property</par></note>
	</property>
</bifdoc>
