<?xml version="1.0" encoding="ISO-8859-1"?>
<!DOCTYPE bifdoc SYSTEM "http://www.tabasoft.it/biferno/bfdocdtd/bifdoc.dtd">
<bifdoc>
	<class implem="c">
		<name>curApp</name>
		<purpose><par>Porvides informations about current app</par></purpose>
		<descr><par>This class provides some informations about the application the current script is running in.
It can be used also to communicate with other applications or initialize them.
</par></descr>
		<note><par>All properties are only read</par></note>
	</class>
</bifdoc>
