<?xml version="1.0" encoding="ISO-8859-1"?>
<!DOCTYPE bifdoc SYSTEM "http://www.tabasoft.it/biferno/bfdocdtd/bifdoc.dtd">
<bifdoc>
	<method static="yes" visibility="public">
		<pclass>curApp</pclass>
		<name>Flush</name>
		<purpose><par>Flush the cache</par></purpose>
		<prototype></prototype>
		<descr><par>Use this method to unload all application cache files</par></descr>
		<see_also><par><link linkend="property.curApp.children">curApp.children</link>, <link linkend="method.curApp.Reload">curApp.Reload</link></par></see_also>
		<note><par>This method flushes also the cache af all children applications. To know which are the children application use <link linkend="property.curApp.children">curApp.children</link></par></note>
	</method>
</bifdoc>
