<?xml version="1.0" encoding="ISO-8859-1"?>
<!DOCTYPE bifdoc SYSTEM "http://www.tabasoft.it/biferno/bfdocdtd/bifdoc.dtd">
<bifdoc>
	<property static="yes" visibility="public">
		<pclass>curApp</pclass>
		<name>functions</name>
		<purpose><par>List of application functions</par></purpose>
		<return_value>
			<pclass>array</pclass>
			<aeclass>string</aeclass>
			<aelevel>1</aelevel>
		</return_value>
		<descr><par>provides a list af all user (application) functions available in the current application</par></descr>
		<returns><par>an array containing the names of application functions</par></returns>
		<note><par>Only read property</par></note>
	</property>
</bifdoc>
