<?xml version="1.0" encoding="ISO-8859-1"?>
<!DOCTYPE bifdoc SYSTEM "http://www.tabasoft.it/biferno/bfdocdtd/bifdoc.dtd">
<bifdoc>
	<method static="yes" visibility="public">
		<pclass>curApp</pclass>
		<name>GetPubVariable</name>
		<prototype>
			<return_value>
				<pclass>obj</pclass>
			</return_value>
			<param_list>
				<param>
					<pclass>string</pclass>
					<name>application</name>
					<descr><par>the application the variable we are requesting belongs to</par></descr>
				</param>
				<param>
					<pclass>string</pclass>
					<name>scope</name>
					<descr><par>the scope of the variable as a string. Possible values are &quot;application&quot;, &quot;session&quot; or &quot;persistent&quot;</par></descr>
				</param>
				<param>
					<pclass>string</pclass>
					<name>name</name>
					<descr><par>the name of the variable</par></descr>
				</param>
			</param_list>
		</prototype>
		<descr><par>To access the value of a variable published by another applicationuse the function GetPubVariable. The name of the application that published the variable, as well as the scope and name of the published variable, must be specified. The function returns a copy object of the published variable, and therefore modifications of the returned variable have no effect on the original variable.</par></descr>
		<returns><par>a copy of the published variable</par></returns>
		<errors><par>If the application doesn't exist the error <link linkend="error.error.Err_NoSuchApplication">Err_NoSuchApplication</link> is throwed.</par>

<par>If the application exists but has not such a variable  the error <link linkend="error.error.Err_VariableNotDefined">Err_VariableNotDefined</link> is throwed.</par> 

<par>If the application exists but has never published the variable  the error <link linkend="error.error.Err_VariableNotPublished">Err_VariableNotPublished</link> is throwed.</par> </errors>
		<see_also><par><link linkend="method.curApp.Publish">curApp.Publish</link>, <link linkend="method.curApp.Unpublish">curApp.Unpublish</link>, <link linkend="method.error.Resume">error.Resume</link>, <link linkend="method.error.Suspend">error.Suspend</link></par></see_also>
		<note><par>If the user is not sure if the variable exists (or if it has not  yet been published) he can wrap the code between <link linkend="method.error.Resume">error.Resume</link> and <link linkend="method.error.Suspend">error.Suspend</link> calls in order to avoid stop of the script, as in:
<code>
error.Resume()
if (a = curApp.GetPubVariable(&quot;anApp&quot;, &quot;session&quot;, &quot;aVar&quot;))
  ...
error.Suspend()
</code></par></note>
	</method>
</bifdoc>
