<?xml version="1.0" encoding="ISO-8859-1"?>
<!DOCTYPE bifdoc SYSTEM "http://www.tabasoft.it/biferno/bfdocdtd/bifdoc.dtd">
<bifdoc>
	<property static="yes" visibility="public">
		<pclass>curApp</pclass>
		<name>home</name>
		<purpose><par>The path of the folder containing the application</par></purpose>
		<return_value>
			<pclass>string</pclass>
		</return_value>
		<descr><par>The home of the application, i.e. the path to the folder containing the 'Biferno.config.bfr' file for this app</par>
</descr>
		<note><par>Only read property</par></note>
	</property>
</bifdoc>
