<?xml version="1.0" encoding="ISO-8859-1"?>
<!DOCTYPE bifdoc SYSTEM "http://www.tabasoft.it/biferno/bfdocdtd/bifdoc.dtd">
<bifdoc>
	<property static="yes" visibility="public">
		<pclass>curApp</pclass>
		<name>name</name>
		<purpose><par>The name of the application</par></purpose>
		<return_value>
			<pclass>string</pclass>
		</return_value>
		<descr><par>Provides the name of the current application</par></descr>
		<note><par>To modify the name of the application  change the value of APPLICATION_NAME variable in Biferno.config.bfr and reload Biferno (or reload a parent application)</par>
<par>Only read property</par></note>
	</property>
</bifdoc>
