<?xml version="1.0" encoding="ISO-8859-1"?>
<!DOCTYPE bifdoc SYSTEM "http://www.tabasoft.it/biferno/bfdocdtd/bifdoc.dtd">
<bifdoc>
	<method static="yes" visibility="public">
		<pclass>curApp</pclass>
		<name>Publish</name>
		<purpose><par>Makes a variable visible to other apps</par></purpose>
		<prototype>
			<param_list>
				<param>
					<pclass>obj</pclass>
					<name>varToPublish</name>
					<descr><par>the variable to publish</par></descr>
				</param>
			</param_list>
		</prototype>
		<descr><par>Biferno has a mechanism that makes it possible for an application to access variables with application, session, or persistent scope belonging to another application.
</par>
<par>The Publish predefined function makes a variable visible to all active applications. Only variables with application, persistent or session scope can be published. E.g. we can write:
<code>
	application aWebMasterName = &quot;John Smith&quot;
	Publish(aWebMasterName)
</code>
</par></descr>
		<see_also><par><link linkend="method.curApp.GetPubVariable">curApp.GetPubVariable</link>, <link linkend="method.curApp.Unpublish">curApp.Unpublish</link> </par></see_also>
		<note><par>Other applications can use <link linkend="method.curApp.GetPubVariable">curApp.GetPubVariable</link> to get the value af a published variable.</par>
<par>Only variable of type application, session or persistent can be published</par></note>
	</method>
</bifdoc>
