<?xml version="1.0" encoding="ISO-8859-1"?>
<!DOCTYPE bifdoc SYSTEM "http://www.tabasoft.it/biferno/bfdocdtd/bifdoc.dtd">
<bifdoc>
	<method static="yes" visibility="public">
		<pclass>curApp</pclass>
		<name>RegisterNewApp</name>
		<purpose><par>Initializes an application</par></purpose>
		<prototype>
			<param_list>
				<param>
					<pclass>string</pclass>
					<name>applName</name>
					<descr><par>the name of the application </par></descr>
				</param>
				<param>
					<pclass>string</pclass>
					<name>fullPath</name>
					<descr><par>the physical path of the folder containing the application. A file Biferno.config.bfr must exists in this folder</par></descr>
				</param>
			</param_list>
		</prototype>
		<descr><par>This method initializes another application executing also the Biferno.config.bfr of that application.
If the application is already initialized this method just does nothing.</par></descr>
		<note><par>To start an application when the Web server is started, without waiting for the first user click, it is possible to use a code line similar to the following in the  &quot;Biferno.config.bfr&quot; file of the Biferno Main application:
<code>
curApp.RegisterNewApp(application_name, root_path)
</code>
application_name is the name of the application we want to initialize (defined by the APPLICATION_NAME parameter of the &quot;Biferno.config.bfr&quot; file) and root_path is the absolute path of the application root directory.
An example is:
<code>
curApp.RegisterNewApp(&quot;MyWebSite&quot;, &quot;file://C/Internet/Web/MySite/&quot;)</code>
</par></note>
	</method>
</bifdoc>
