<?xml version="1.0" encoding="ISO-8859-1"?>
<!DOCTYPE bifdoc SYSTEM "http://www.tabasoft.it/biferno/bfdocdtd/bifdoc.dtd">
<bifdoc>
	<method static="yes" visibility="public">
		<pclass>curApp</pclass>
		<name>Reload</name>
		<purpose><par>Reload the application</par></purpose>
		<prototype></prototype>
		<descr><par>Calling this method the current application is reloaded. All files in cache are unloaded and the application is reinitialized with all his application and session variable.</par></descr>
		<see_also><par><link linkend="property.curApp.children">curApp.children</link>, <link linkend="method.curApp.Flush">method.Flush</link></par></see_also>
		<note><par>This method executes reload also on all children applications. Use <link linkend="property.curApp.children">curApp.children</link> to know which are the children application.</par></note>
	</method>
</bifdoc>
