<?xml version="1.0" encoding="ISO-8859-1"?>
<!DOCTYPE bifdoc SYSTEM "http://www.tabasoft.it/biferno/bfdocdtd/bifdoc.dtd">
<bifdoc>
	<method static="yes" visibility="public">
		<pclass>curApp</pclass>
		<name>Unpublish</name>
		<purpose><par>Undoes a Publish call</par></purpose>
		<prototype>
			<param_list>
				<param>
					<pclass>obj</pclass>
					<name>varToUnpublish</name>
					<descr><par>the variable to unpublish</par></descr>
				</param>
			</param_list>
		</prototype>
		<descr><par>Use this method to undo the effect of a previous call to &quot;Publish&quot; on a certain variable</par></descr>
		<see_also><par><link linkend="method.curApp.Publish">curApp.Publish</link>, <link linkend="method.curApp.GetPubVariable">curApp.GetPubVariable</link> </par></see_also>
	</method>
</bifdoc>
