<?xml version="1.0" encoding="ISO-8859-1"?>
<!DOCTYPE bifdoc SYSTEM "http://www.tabasoft.it/biferno/bfdocdtd/bifdoc.dtd">
<bifdoc>
	<property static="yes" visibility="public">
		<pclass>curFile</pclass>
		<name>basePath</name>
		<purpose><par>The path of the folder containing the file</par></purpose>
		<return_value>
			<pclass>string</pclass>
		</return_value>
		<descr><par>This property contains the path of the directory containing the current file</par></descr>
		<see_also><par><link linkend="property.curScript.basePath">curScript.basePath</link></par></see_also>
		<note><par>Only read property</par></note>
	</property>
</bifdoc>
