<?xml version="1.0" encoding="ISO-8859-1"?>
<!DOCTYPE bifdoc SYSTEM "http://www.tabasoft.it/biferno/bfdocdtd/bifdoc.dtd">
<bifdoc>
	<class implem="c">
		<name>curFile</name>
		<purpose><par>Provides informations about the current file in process</par></purpose>
		<descr><par>This class is useful to get some infos about the current file 
being processed.</par>
<par>It is important to understand the difference between <inlinecode>script</inlinecode> and <inlinecode>file</inlinecode>. In fact a script can comprise one file, or many files if it use the <inlinecode>include</inlinecode> command. To get informations about the current script use the class <link linkend="class.curScript">curScript</link>.</par></descr>
		<note><par>All properties of curFile are only read</par></note>
	</class>
</bifdoc>
