<?xml version="1.0" encoding="ISO-8859-1"?>
<!DOCTYPE bifdoc SYSTEM "http://www.tabasoft.it/biferno/bfdocdtd/bifdoc.dtd">
<bifdoc>
	<class implem="c">
		<name>byte</name>
		<purpose><par>Same as <inlinecode>int</inlinecode></par></purpose>
		<descr><par>This class is identical to <inlinecode>int</inlinecode> and it is introducted by <inlinecode>jclass</inlinecode> so that Biferno can manage all java primitives. See jclass for details.</par></descr>
		<see_also><par><link linkend="class.int">int</link>, <link linkend="class.jclass">jclass</link></par></see_also>
		<note><par>Available (as jclass) from Biferno version 1.1</par></note>
	</class>
</bifdoc>
