<?xml version="1.0" encoding="ISO-8859-1"?>
<!DOCTYPE bifdoc SYSTEM "http://www.tabasoft.it/biferno/bfdocdtd/bifdoc.dtd">
<bifdoc>
	<property static="yes" visibility="public">
		<pclass>client</pclass>
		<name>address</name>
		<return_value>
			<pclass>string</pclass>
		</return_value>
		<descr><par> This is the domain name of the client </par></descr>
		<returns><par> A string representing the domain name of the client </par></returns>
		<see_also><par> <link linkend="property.client.ipAddress">property.client.ipAddress</link> </par></see_also>
		<note><par> If the web server has the &#34;Reverse DNS lookup&#34; off, this is simply the IP number of the client (the same of <link linkend="property.client.ipAddress">property.client.ipAddress</link>)  </par>
<par>Only read property</par></note>
	</property>
</bifdoc>
