<?xml version="1.0" encoding="ISO-8859-1"?>
<!DOCTYPE bifdoc SYSTEM "http://www.tabasoft.it/biferno/bfdocdtd/bifdoc.dtd">
<bifdoc>
	<property static="yes" visibility="public">
		<pclass>client</pclass>
		<name>fromUser</name>
		<return_value>
			<pclass>string</pclass>
		</return_value>
		<descr><par> This is the &#34;From&#34; header field (e-mail address when supplied) </par></descr>
		<returns><par> A string representing the &#34;From&#34; header field </par></returns>
		<see_also><par> <link linkend="class.header">header</link> </par></see_also>
		<note><par>Only read property</par></note>
	</property>
</bifdoc>
