<?xml version="1.0" encoding="ISO-8859-1"?>
<!DOCTYPE bifdoc SYSTEM "http://www.tabasoft.it/biferno/bfdocdtd/bifdoc.dtd">
<bifdoc>
	<method static="yes" visibility="public">
		<pclass>client</pclass>
		<name>GetIndSID</name>
		<prototype>
			<return_value>
				<pclass>string</pclass>
			</return_value>
			<param_list>
				<param>
					<pclass>int</pclass>
					<name>index</name>
					<descr><par>The index of the SID to be returned (1-based)</par></descr>
				</param>
			</param_list>
		</prototype>
		<descr><par>Used to retrieve the index-th Biferno SID (Session ID) active in a certain moment.</par>
<par>If the index is greater than all users en empty string is returned, so one can use code like:
<code>
index = 1
while(sid = client.GetIndSID(index++))
{
  $client.SessionVariable(sid, "mylogin")
}
</code>
</par></descr>
		<see_also><par><link linkend="method.client.SessionVariable">client.SessionVariable</link></par></see_also>
		<note><par>The session ID is a string created by Biferno and stored in the user browser cookies. Biferno uses it to keep trace of a user in an application with sessions active</par></note>
	</method>
</bifdoc>
