<?xml version="1.0" encoding="ISO-8859-1"?>
<!DOCTYPE bifdoc SYSTEM "http://www.tabasoft.it/biferno/bfdocdtd/bifdoc.dtd">
<bifdoc>
	<property static="yes" visibility="public">
		<pclass>client</pclass>
		<name>ipAddress</name>
		<return_value>
			<pclass>string</pclass>
		</return_value>
		<descr><par> This is the client IP address </par></descr>
		<returns><par> A string representing the client IP address, usually of the form &#34;n.n.n.n&#34; (where 0  n  255) </par></returns>
		<see_also><par> <link linkend="property.client.address">property.client.address</link> </par></see_also>
		<note><par>Only read property</par></note>
	</property>
</bifdoc>
