<?xml version="1.0" encoding="ISO-8859-1"?>
<!DOCTYPE bifdoc SYSTEM "http://www.tabasoft.it/biferno/bfdocdtd/bifdoc.dtd">
<bifdoc>
	<property static="yes" visibility="public">
		<pclass>client</pclass>
		<name>password</name>
		<return_value>
			<pclass>string</pclass>
		</return_value>
		<descr><par> This is the &#34;Password&#34; for current authentication scheme </par></descr>
		<returns><par> A string representing the password of the client </par></returns>
		<see_also><par> <link linkend="property.client.user">property.client.user</link> </par></see_also>
		<note><par>Only read property</par></note>
	</property>
</bifdoc>
