<?xml version="1.0" encoding="ISO-8859-1"?>
<!DOCTYPE bifdoc SYSTEM "http://www.tabasoft.it/biferno/bfdocdtd/bifdoc.dtd">
<bifdoc>
	<method static="yes" visibility="public">
		<pclass>client</pclass>
		<name>SessionVariable</name>
		<prototype>
			<return_value>
				<pclass>string</pclass>
			</return_value>
			<param_list>
				<param>
					<pclass>string</pclass>
					<name>SID</name>
					<descr><par>the string containing the SID of the user</par></descr>
				</param>
				<param>
					<pclass>string</pclass>
					<name>name</name>
					<descr><par>the name of the variable requested</par></descr>
				</param>
			</param_list>
		</prototype>
		<descr><par>Given a SID (Session ID) the value of the variable <inlinecode>name</inlinecode> for the user identified by SID is returned (see example in <link linkend="method.client.GetIndSID">client.GetIndSID</link>)</par></descr>
		<see_also><par><link linkend="method.client.GetIndSID">client.GetIndSID</link></par></see_also>
		<note><par>The session ID is a string created by Biferno and stored in the user browser cookies. Biferno uses it to keep trace of a user in an application with sessions active</par></note>
	</method>
</bifdoc>
