<?xml version="1.0" encoding="ISO-8859-1"?>
<!DOCTYPE bifdoc SYSTEM "http://www.tabasoft.it/biferno/bfdocdtd/bifdoc.dtd">
<bifdoc>
	<property static="no" visibility="public">
		<pclass>char</pclass>
		<name>ascii</name>
		<return_value>
			<pclass>unsigned</pclass>
		</return_value>
		<descr><par> Returns the ASCII number representing the character </par></descr>
		<returns><par> The ASCII code of the character </par></returns>
		<note><par> Characters code greater than 127 are platform dependent </par></note>
	</property>
</bifdoc>
