<?xml version="1.0" encoding="ISO-8859-1"?>
<!DOCTYPE bifdoc SYSTEM "http://www.tabasoft.it/biferno/bfdocdtd/bifdoc.dtd">
<bifdoc>
	<class implem="c">
		<name>char</name>
		<descr><par>n.a.</par></descr>
	</class>
	<method static="no" visibility="public">
		<pclass>char</pclass>
		<name>char</name>
		<prototype>
			<param_list>
				<param>
					<pclass>string</pclass>
					<name>str</name>
					<descr><par>n.a.</par></descr>
				</param>
			</param_list>
		</prototype>
		<descr><par>The class &#34;char&#34; describes mono character strings.  It inherits all methods and properties of  <link linkend="class.string">string</link>   class.  </par></descr>
	</method>
</bifdoc>
