<?xml version="1.0" encoding="ISO-8859-1"?>
<!DOCTYPE bifdoc SYSTEM "http://www.tabasoft.it/biferno/bfdocdtd/bifdoc.dtd">
<bifdoc>
	<method static="no" visibility="public">
		<pclass>folderExt</pclass>
		<name>Copy</name>
		<purpose><par>Copies a folder with its content</par></purpose>
		<prototype>
			<param_list>
				<param>
					<pclass>string</pclass>
					<name>destPath</name>
					<descr><par>The destination path for the folder</par></descr>
				</param>
				<param>
					<pclass>string</pclass>
					<name>outputCallBack</name>
					<descr><par>an optional callback that is called during copy operation to output file/folder names. Prototype:
<code>
function void myOutput(string text)
</code>
(the &quot;print&quot; function can be passed as a valid callback)
</par>
<par>If empty no output is generated</par></descr>
				</param>
				<param>
					<pclass>string</pclass>
					<name>filterCallBack</name>
					<descr><par>an optional callback that is called during copy operation to avoid some copy. Prototype:
<code>
function boolean MyFilter(string path,
			boolean isFolder)
</code>
the function must return false if the file has to be skipped (not copied) true otherwise. The second parameter specify if the item is a folder (if false, it is a normal file).</par>
<par>If empty no filter is applied</par></descr>
				</param>
				<param>
					<pclass>string</pclass>
					<name>translateCallBack</name>
					<descr><par>an optional callback that is called after the copy operation on each file. The user has the opportunity to make changes on file copied. Prototype:
<code>
function void MyTranslateExt(string path)
</code>
</par>
<par>If empty no callback is called</par></descr>
				</param>
			</param_list>
		</prototype>
		<descr><par>Copies the folder from one location to another. All the content of the folder is recursively copied.</par>
<par>Callbacks can be passed to perform advanced operations</par></descr>
	</method>
</bifdoc>
