<?xml version="1.0" encoding="ISO-8859-1"?>
<!DOCTYPE bifdoc SYSTEM "http://www.tabasoft.it/biferno/bfdocdtd/bifdoc.dtd">
<bifdoc>
	<class implem="c">
		<name>double</name>
		<purpose><par>8-bytes floating point number</par></purpose>
		<descr><par>The double describes positive or negative real numbers with values ranging from 1.7E-308 to 1.7E+308 (8 byte representation).</par></descr>
		<see_also><par><link linkend="class.long">long</link>, <link linkend="class.int">int</link></par></see_also>
	</class>
	<method static="no" visibility="public">
		<pclass>double</pclass>
		<name>double</name>
		<purpose><par>Creates an object of class double</par></purpose>
		<prototype>
			<param_list>
				<param>
					<pclass>obj</pclass>
					<name>num</name>
					<descr><par>the number</par></descr>
				</param>
			</param_list>
		</prototype>
		<descr><par>Describes an 8-bytes floating point number</par></descr>
		<returns><par>An instance of double</par></returns>
		<errors><par>Can return <link linkend="error.error.Err_IllegalTypeCast">Err_IllegalTypeCast</link> if the num parameter cannot be typecasted to a valid floating point number</par></errors>
		<note><par>Some methods of double class get parameters of class obj to indicate numbers of class int, unsigned etc... </par></note>
	</method>
</bifdoc>
