<?xml version="1.0" encoding="ISO-8859-1"?>
<!DOCTYPE bifdoc SYSTEM "http://www.tabasoft.it/biferno/bfdocdtd/bifdoc.dtd">
<bifdoc>
	<method static="no" visibility="public">
		<pclass>double</pclass>
		<name>Pow</name>
		<prototype>
			<return_value>
				<pclass>obj</pclass>
			</return_value>
			<param_list>
				<param>
					<pclass>obj</pclass>
					<name>exp</name>
					<descr><par>The exponent</par></descr>
				</param>
			</param_list>
		</prototype>
		<descr><par>Computes the number raised to the power of exp</par></descr>
	</method>
</bifdoc>
