<?xml version="1.0" encoding="ISO-8859-1"?>
<!DOCTYPE bifdoc SYSTEM "http://www.tabasoft.it/biferno/bfdocdtd/bifdoc.dtd">
<bifdoc>
	<method static="yes" visibility="public">
		<pclass>double</pclass>
		<name>SetFormat</name>
		<prototype>
			<param_list>
				<param>
					<pclass>char</pclass>
					<name>thousSep</name>
					<descr><par>The character to use as thousand separator</par></descr>
				</param>
				<param>
					<pclass>char</pclass>
					<name>decimSep</name>
					<descr><par>The character to use as decimal separator</par></descr>
				</param>
			</param_list>
		</prototype>
		<descr><par>Set the format to use in number to string conversions</par></descr>
		<note><par>These settings overrides the THOUSAND_SEP application variable and DECIMAL_SEP application variable only for the current script </par></note>
	</method>
</bifdoc>
