<?xml version="1.0" encoding="ISO-8859-1"?>
<!DOCTYPE bifdoc SYSTEM "http://www.tabasoft.it/biferno/bfdocdtd/bifdoc.dtd">
<bifdoc>
	<method static="no" visibility="public">
		<pclass>double</pclass>
		<name>Sin</name>
		<prototype>
			<return_value>
				<pclass>obj</pclass>
			</return_value>
		</prototype>
		<descr><par>Computes the sine of the number</par></descr>
		<returns><par>The sine of the number</par></returns>
		<see_also><par><link linkend="method.double.Cos">method.double.Cos</link></par></see_also>
	</method>
</bifdoc>
