<?xml version="1.0" encoding="ISO-8859-1"?>
<!DOCTYPE bifdoc SYSTEM "http://www.tabasoft.it/biferno/bfdocdtd/bifdoc.dtd">
<bifdoc>
	<method static="no" visibility="public">
		<pclass>double</pclass>
		<name>ToString</name>
		<prototype>
			<return_value>
				<pclass>string</pclass>
			</return_value>
			<param_list>
				<param>
					<pclass>boolean</pclass>
					<name>wantThousandSep</name>
					<default>false</default>
					<descr><par>If true the thousand separators are inserted in the string. Thousand separator character can be defined using SetNumFormat or using the THOUSAND_SEP application variable  </par></descr>
				</param>
				<param>
					<pclass>int</pclass>
					<name>decimals</name>
					<default>2</default>
					<descr><par>Indicates how many digits to put after the decimal sign (default is 2)</par></descr>
				</param>
				<param>
					<pclass>boolean</pclass>
					<name>cutRightZero</name>
					<default>true</default>
					<descr><par>If true the zero characters after the last non-zero char after the decimal point will be removed</par></descr>
				</param>
			</param_list>
		</prototype>
		<descr><par>Convert the number in a string</par></descr>
		<returns><par>the string result of the operation</par></returns>
		<see_also><par><link linkend="method.curScript.SetNumFormat">curScript.SetNumFormat</link></par></see_also>
		<note><par>Decimal separator character can be defined using SetNumFormat or using the DECIMAL_SEP application variable  </par></note>
	</method>
</bifdoc>
