<?xml version="1.0" encoding="ISO-8859-1"?>
<!DOCTYPE bifdoc SYSTEM "http://www.tabasoft.it/biferno/bfdocdtd/bifdoc.dtd">
<bifdoc>
	<method static="yes" visibility="public">
		<pclass>smtpExt</pclass>
		<name>SendMailWithAttachments</name>
		<purpose><par>Send a mail with also attachments</par></purpose>
		<prototype>
			<return_value>
				<pclass>string</pclass>
			</return_value>
			<param_list>
				<param>
					<pclass>string</pclass>
					<name>host</name>
					<descr><par>the smtp server to use for sending</par></descr>
				</param>
				<param>
					<pclass>string</pclass>
					<name>from</name>
					<descr><par>the from email address of the mail</par></descr>
				</param>
				<param>
					<pclass>string</pclass>
					<name>to</name>
					<descr><par>the address to whom the mail has to be sent</par></descr>
				</param>
				<param>
					<pclass>string</pclass>
					<name>text</name>
					<descr><par>the text of the mail, without headers (the headers are constructed automatically by the method)</par></descr>
				</param>
				<param>
					<pclass>string</pclass>
					<name>subject</name>
					<descr><par>the subject of the mail</par></descr>
				</param>
				<param>
					<pclass>array</pclass>
					<name>attchs</name>
					<aelevel>16</aelevel>
					<descr><par>an array of file paths to send to the user as attachments</par></descr>
				</param>
				<param>
					<pclass>array</pclass>
					<name>mimetypes</name>
					<aelevel>16</aelevel>
					<descr><par>an array of strings representing the MIME types of all the files whose paths was passed in the &quot;attchs&quot; parameter</par></descr>
				</param>
				<param>
					<pclass>int</pclass>
					<name>asyncTimeout</name>
					<descr><par>the desired timeout needed since sending is done asyncronously. If not specified use default value (currently 5 min.) </par></descr>
				</param>
			</param_list>
		</prototype>
		<descr><par>This method abstract the user form the complexity of build a mail packet with attachments and send it asyncronously</par></descr>
		<returns><par>if an SMTP error occurs, a message containing the error description</par></returns>
		<see_also><par><link linkend="method.smtp.SendMail">smtp.SendMail</link></par></see_also>
	</method>
</bifdoc>
