<?xml version="1.0" encoding="ISO-8859-1"?>
<!DOCTYPE bifdoc SYSTEM "http://www.tabasoft.it/biferno/bfdocdtd/bifdoc.dtd">
<bifdoc>
	<constant static="yes" visibility="public">
		<pclass>classInfo</pclass>
		<name>c</name>
		<return_value>
			<pclass>int</pclass>
		</return_value>
		<descr><par>the value of <inlinecode>classInfo.implem</inlinecode> if the class is predefined, that is, compiled in C</par></descr>
		<see_also><par><link linkend="constant.classInfo.c">classInfo.implem</link>, <link linkend="constant.classInfo.biferno">classInfo.biferno</link></par></see_also>
	</constant>
</bifdoc>
