<?xml version="1.0" encoding="ISO-8859-1"?>
<!DOCTYPE bifdoc SYSTEM "http://www.tabasoft.it/biferno/bfdocdtd/bifdoc.dtd">
<bifdoc>
	<class implem="c">
		<name>classInfo</name>
		<descr><par>This class is useful for getting descriptions about a certain class. classInfo can use the xml documentaion file, if it exists.</par></descr>
		<note><par>All properties of this class are only read</par></note>
	</class>
	<method static="no" visibility="public">
		<pclass>classInfo</pclass>
		<name>classInfo</name>
		<prototype>
			<param_list>
				<param>
					<pclass>string</pclass>
					<name>className</name>
					<descr><par>The name of the class to get info about</par></descr>
				</param>
				<param>
					<pclass>boolean</pclass>
					<name>extended</name>
					<descr><par>if true, also the xml doc file (if exists) is parsed for extended documentation</par></descr>
				</param>
			</param_list>
		</prototype>
		<descr><par>To inizialize a classInfo call the contrustor passing the name of the class.</par></descr>
		<returns><par>an instance of class classInfo</par></returns>
	</method>
</bifdoc>
