<?xml version="1.0" encoding="ISO-8859-1"?>
<!DOCTYPE bifdoc SYSTEM "http://www.tabasoft.it/biferno/bfdocdtd/bifdoc.dtd">
<bifdoc>
	<property static="no" visibility="public">
		<pclass>classInfo</pclass>
		<name>cloneIsNeeded</name>
		<return_value>
			<pclass>boolean</pclass>
		</return_value>
		<descr><par>Classes like file or db, whose objects are connected to resources that are external to Biferno, when duplicated, duplicate also the connection to the external resource (file or database).</par>
<par>This poses a risk of opening the same file multiple times or to unnecessarily increase the number of open connections to the same database, which is at best a waste of resources and may have unforeseen consequences.</par>
<par>
It is possible to inquire if a class "clones" its objects (as the file and database classes do) using this property</par></descr>
		<returns><par>true if the class clones its objects</par></returns>
		<note><par>Only read property</par></note>
	</property>
</bifdoc>
