<?xml version="1.0" encoding="ISO-8859-1"?>
<!DOCTYPE bifdoc SYSTEM "http://www.tabasoft.it/biferno/bfdocdtd/bifdoc.dtd">
<bifdoc>
	<property static="no" visibility="public">
		<pclass>classInfo</pclass>
		<name>constants</name>
		<return_value>
			<pclass>array</pclass>
			<aeclass>string</aeclass>
			<aelevel>1</aelevel>
		</return_value>
		<descr><par>This property returns a list of all public constant properties declared by the class </par></descr>
		<returns><par>An array containing the costant
</par></returns>
		<see_also><par><link linkend="property.classInfo.properties">properties</link>, <link linkend="property.classInfo.errors">errors</link></par></see_also>
		<note><par>For users class, constants are properties of class declared as: <code>const ...</code>
Predefined classes have proper BAPI callback to declare constants.
</par>

<par>Only read property</par></note>
	</property>
</bifdoc>
