<?xml version="1.0" encoding="ISO-8859-1"?>
<!DOCTYPE bifdoc SYSTEM "http://www.tabasoft.it/biferno/bfdocdtd/bifdoc.dtd">
<bifdoc>
	<property static="no" visibility="public">
		<pclass>classInfo</pclass>
		<name>errors</name>
		<return_value>
			<pclass>array</pclass>
			<aeclass>string</aeclass>
			<aelevel>1</aelevel>
		</return_value>
		<descr><par>This property returns a list of all errors declared by the class</par></descr>
		<returns><par>An array containing the errors
</par></returns>
		<see_also><par><link linkend="property.classInfo.properties">properties</link>, <link linkend="property.classInfo.constants">constants</link></par></see_also>
		<note><par>For users class, errors are properties of class declared as: <code>static const error ...</code>
Predefined classes have proper BAPI callback to declare errors.
</par>

<par>Only read property</par></note>
	</property>
</bifdoc>
