<?xml version="1.0" encoding="ISO-8859-1"?>
<!DOCTYPE bifdoc SYSTEM "http://www.tabasoft.it/biferno/bfdocdtd/bifdoc.dtd">
<bifdoc>
	<property static="no" visibility="public">
		<pclass>classInfo</pclass>
		<name>extendedClass</name>
		<return_value>
			<pclass>string</pclass>
		</return_value>
		<descr><par>If the class extends another class, the name of the extended class is contained in this property. If the class doesn't extend another class this property returns an empty string.</par></descr>
		<returns><par>The name of the class extended or an empty string if the class doesn't extend another class</par></returns>
		<note><par>Only read property</par></note>
	</property>
</bifdoc>
