<?xml version="1.0" encoding="ISO-8859-1"?>
<!DOCTYPE bifdoc SYSTEM "http://www.tabasoft.it/biferno/bfdocdtd/bifdoc.dtd">
<bifdoc>
	<method static="no" visibility="public">
		<pclass>classInfo</pclass>
		<name>GetErrorDescription</name>
		<prototype>
			<return_value>
				<pclass>string</pclass>
			</return_value>
			<param_list>
				<param>
					<pclass>int</pclass>
					<name>error</name>
					<descr><par>the number of the class error</par></descr>
				</param>
			</param_list>
		</prototype>
		<descr><par>Returns the string containing a message for a certain error of the class</par></descr>
		<returns><par>the error message</par></returns>
		<note><par>If necessary, this method invokes the GetErrMessage method declared by the class</par>

<par>The prototipe of that method must be:
<code>static string GetErrMessage (int errCode)</code>
</par></note>
	</method>
</bifdoc>
