<?xml version="1.0" encoding="ISO-8859-1"?>
<!DOCTYPE bifdoc SYSTEM "http://www.tabasoft.it/biferno/bfdocdtd/bifdoc.dtd">
<bifdoc>
	<property static="no" visibility="public">
		<pclass>classInfo</pclass>
		<name>implem</name>
		<return_value>
			<pclass>int</pclass>
		</return_value>
		<descr><par>This property is used to check if the class is "predefined" (written and compiled in C) or "user"  (local or application).</par></descr>
		<returns><par>the value <inlinecode>classInfo.c</inlinecode> for C implemented class (predefined) or the value <inlinecode>classInfo.biferno</inlinecode> for user Biferno implemented class (user class)</par></returns>
		<see_also><par><link linkend="constant.classInfo.c">classInfo.c</link>, <link linkend="constant.classInfo.biferno">classInfo.biferno</link></par></see_also>
		<note><par>Only read property</par></note>
	</property>
</bifdoc>
