<?xml version="1.0" encoding="ISO-8859-1"?>
<!DOCTYPE bifdoc SYSTEM "http://www.tabasoft.it/biferno/bfdocdtd/bifdoc.dtd">
<bifdoc>
	<method static="yes" visibility="public">
		<pclass>classInfo</pclass>
		<name>IsDef</name>
		<prototype>
			<return_value>
				<pclass>boolean</pclass>
			</return_value>
			<param_list>
				<param>
					<pclass>string</pclass>
					<name>className</name>
					<descr><par>the name of the class you want to check for existence</par></descr>
				</param>
				<param>
					<pclass>boolean</pclass>
					<name>allTypes</name>
					<descr><par>if true check also if, generally, an extension exists with that name. Note that an extension declaring only functions doesn't exist as a class, so this is the only way to check for them.</par></descr>
				</param>
			</param_list>
		</prototype>
		<descr><par>static method used to check if a class is defined</par></descr>
		<returns><par>true if the class exists, false otherwise</par></returns>
	</method>
</bifdoc>
