<?xml version="1.0" encoding="ISO-8859-1"?>
<!DOCTYPE bifdoc SYSTEM "http://www.tabasoft.it/biferno/bfdocdtd/bifdoc.dtd">
<bifdoc>
	<property static="no" visibility="public">
		<pclass>classInfo</pclass>
		<name>persistentAllowed</name>
		<return_value>
			<pclass>boolean</pclass>
		</return_value>
		<descr><par>Persistent variables can not be instantiated for some predefined classes (e.g. this is not possible for the db and file classes). Also, it is not possible to create persistent variables for user defined classes. This property can be used to query the ability of a class to support persistent variables.
</par></descr>
		<returns><par>true if the class can instance persistent variables, false otherwise</par></returns>
		<note><par>Only read property</par></note>
	</property>
</bifdoc>
