<?xml version="1.0" encoding="ISO-8859-1"?>
<!DOCTYPE bifdoc SYSTEM "http://www.tabasoft.it/biferno/bfdocdtd/bifdoc.dtd">
<bifdoc>
	<property static="no" visibility="public">
		<pclass>classInfo</pclass>
		<name>properties</name>
		<return_value>
			<pclass>array</pclass>
			<aeclass>string</aeclass>
			<aelevel>1</aelevel>
		</return_value>
		<descr><par>This property returns a list of all public properties declared by the class
</par></descr>
		<returns><par>An array containing the properties</par></returns>
		<see_also><par><link linkend="property.classInfo.errors">errors</link>, <link linkend="property.classInfo.constants">constants</link></par></see_also>
		<note><par>The properties of the class that are errors (declared as: <inlinecode>const ...</inlinecode>) or constant (declared as: <inlinecode>static const error...</inlinecode>) are in other properties of classInfo</par>
<par>Only read property</par></note>
	</property>
</bifdoc>
