<?xml version="1.0" encoding="ISO-8859-1"?>
<!DOCTYPE bifdoc SYSTEM "http://www.tabasoft.it/biferno/bfdocdtd/bifdoc.dtd">
<bifdoc>
	<property static="no" visibility="public">
		<pclass>classInfo</pclass>
		<name>purpose</name>
		<return_value>
			<pclass>string</pclass>
		</return_value>
		<descr><par>A text describing the purpose of the class</par></descr>
		<returns><par>A string containing the purpose</par></returns>
		<note><par>This property is emptry if the parameter extended of the <link linkend="class.classInfo">constructor</link> is false</par><par>Only read property</par></note>
	</property>
</bifdoc>
