<?xml version="1.0" encoding="ISO-8859-1"?>
<!DOCTYPE bifdoc SYSTEM "http://www.tabasoft.it/biferno/bfdocdtd/bifdoc.dtd">
<bifdoc>
	<property static="no" visibility="public">
		<pclass>classInfo</pclass>
		<name>sourcePath</name>
		<return_value>
			<pclass>string</pclass>
		</return_value>
		<descr><par>This property can be used to know the bfr source file where the class is implemented. For predefined (C) classes this value is always "" (empty string).</par></descr>
		<returns><par>The full path of the file containing the implementation of the class</par></returns>
		<note><par>Only read property</par></note>
	</property>
</bifdoc>
