<?xml version="1.0" encoding="ISO-8859-1"?>
<!DOCTYPE bifdoc SYSTEM "http://www.tabasoft.it/biferno/bfdocdtd/bifdoc.dtd">
<bifdoc>
	<property static="no" visibility="public">
		<pclass>classInfo</pclass>
		<name>wantDestructor</name>
		<return_value>
			<pclass>boolean</pclass>
		</return_value>
		<descr><par>To inquire if a class has a destructor method this property can be checked</par></descr>
		<returns><par>true if the class has a destructor</par></returns>
		<note><par>This property always returns true for user classes, because such classes always have a destructor (an internal one if the user has defined none), which frees memory resources allocated by Biferno to manage the class instance.</par>

<par>The value of this property for predefined classes depends on the implementation of the class itself.</par>

<par>Only read property</par></note>
	</property>
</bifdoc>
