<?xml version="1.0" encoding="ISO-8859-1"?>
<!DOCTYPE bifdoc SYSTEM "http://www.tabasoft.it/biferno/bfdocdtd/bifdoc.dtd">
<bifdoc>
	<method static="no" visibility="public" varargs="yes" nonames="yes">
		<pclass>array</pclass>
		<name>Add</name>
		<prototype>
			<param_list>
				<param>
					<pclass>obj</pclass>
					<name>element</name>
					<descr><par> The object to add </par></descr>
				</param>
			</param_list>
		</prototype>
		<descr><par> Adds one or more objects to the array. Objects with index name can be added using: myArray.Add(theName:theValue, theName2:theValue2) </par></descr>
		<returns><par> Nothing </par></returns>
		<see_also><par> <link linkend="method.array.Delete">method.array.Delete</link>, <link linkend="method.array.Insert">method.array.Insert</link> </par></see_also>
	</method>
</bifdoc>
