<?xml version="1.0" encoding="ISO-8859-1"?>
<!DOCTYPE bifdoc SYSTEM "http://www.tabasoft.it/biferno/bfdocdtd/bifdoc.dtd">
<bifdoc>
	<class implem="c">
		<name>array</name>
		<descr><par>n.a.</par></descr>
	</class>
	<method static="no" visibility="public" varargs="yes">
		<pclass>array</pclass>
		<name>array</name>
		<prototype></prototype>
		<descr><par>The class &quot;array&quot; describes mono (or multi) dimensional vector of objects  all belonging to the same class.  An array can be initialized as follows:      <code>myArray = array(value1, value2, value3 ...)</code>      or:    <code>myArray = array()
myArray[1] = value1 
myArray[2] = value2 
myArray[3] = value3  ...   
</code>
An associative array has names for all (or part of) its elements:    <code>myArray = array(name1:value1, name2:value2, name3:value3 ...)</code>
or:
<code>
myArray = array() 
myArray[1] = value1 
myArray.name[1] = name1 
myArray[2] = value2 
myArray.name[2] = name2 
myArray[3] = value3 
myArray.name[3] = value3
...
</code></par></descr>
		<returns><par>An istance of the class array</par></returns>
	</method>
</bifdoc>
