<?xml version="1.0" encoding="ISO-8859-1"?>
<!DOCTYPE bifdoc SYSTEM "http://www.tabasoft.it/biferno/bfdocdtd/bifdoc.dtd">
<bifdoc>
	<method static="no" visibility="public">
		<pclass>array</pclass>
		<name>Count</name>
		<prototype>
			<return_value>
				<pclass>array</pclass>
			</return_value>
			<param_list>
				<param>
					<pclass>obj</pclass>
					<name>element</name>
					<descr><par> The obj to search for </par></descr>
				</param>
			</param_list>
		</prototype>
		<descr><par> Locates the element element in the array </par></descr>
		<returns><par> An array of int representig the positions of element in the array or an empty array if the element was not found </par></returns>
		<see_also><par> <link linkend="method.array.Find">method.array.Find</link> </par></see_also>
		<note><par> Check the resulting array dimension to see how many times the element is repeated in the array </par></note>
	</method>
</bifdoc>
