<?xml version="1.0" encoding="ISO-8859-1"?>
<!DOCTYPE bifdoc SYSTEM "http://www.tabasoft.it/biferno/bfdocdtd/bifdoc.dtd">
<bifdoc>
	<method static="no" visibility="public">
		<pclass>array</pclass>
		<name>Delete</name>
		<prototype>
			<param_list>
				<param>
					<pclass>int</pclass>
					<name>start</name>
					<descr><par> The first element to remove, default is 1 </par></descr>
				</param>
				<param>
					<pclass>int</pclass>
					<name>end</name>
					<descr><par> The last element to remove, default is start </par></descr>
				</param>
			</param_list>
		</prototype>
		<descr><par> Removes one or more elements from an array </par></descr>
		<returns><par> Nothing </par></returns>
		<see_also><par> method.array.SetDim, method.array.Reset, method.array.Add, method.array.Insert </par></see_also>
		<note><par> To removing just one object, write: myArray.Delete(index) </par></note>
	</method>
</bifdoc>
