<?xml version="1.0" encoding="ISO-8859-1"?>
<!DOCTYPE bifdoc SYSTEM "http://www.tabasoft.it/biferno/bfdocdtd/bifdoc.dtd">
<bifdoc>
	<error visibility="public">
		<pclass>array</pclass>
		<name>ErrBadEndIndex</name>
		<return_value>
			<pclass>int</pclass>
		</return_value>
		<descr><par>This error is caused if a wrong end parameter is passed to the SubArray method </par></descr>
		<see_also><par><link linkend="method.array.SubArray">method.array.SubArray</link> </par></see_also>
	</error>
</bifdoc>
