<?xml version="1.0" encoding="ISO-8859-1"?>
<!DOCTYPE bifdoc SYSTEM "http://www.tabasoft.it/biferno/bfdocdtd/bifdoc.dtd">
<bifdoc>
	<method static="no" visibility="public">
		<pclass>array</pclass>
		<name>Find</name>
		<prototype>
			<return_value>
				<pclass>int</pclass>
			</return_value>
			<param_list>
				<param>
					<pclass>obj</pclass>
					<name>element</name>
					<descr><par>The object value to search for . Note that if the object class type does not match the array element class a typecast will be applied</par></descr>
				</param>
			</param_list>
		</prototype>
		<descr><par>Locates the first element whose value matches the specified object value </par></descr>
		<returns><par>The position of the element in the array, or 0 if it was not found  </par></returns>
		<see_also><par><link linkend="method.array.Count">method.array.Count</link>  </par></see_also>
		<note><par>In multidimensional arrays the Find method matches entire arrays, not single objects inside arrays.</par></note>
	</method>
</bifdoc>
