<?xml version="1.0" encoding="ISO-8859-1"?>
<!DOCTYPE bifdoc SYSTEM "http://www.tabasoft.it/biferno/bfdocdtd/bifdoc.dtd">
<bifdoc>
	<method static="no" visibility="public">
		<pclass>array</pclass>
		<name>GetElemClass</name>
		<purpose><par>Return the array element of class</par></purpose>
		<prototype>
			<return_value>
				<pclass>string</pclass>
			</return_value>
		</prototype>
		<descr><par>Returns the class of the array's elements </par></descr>
		<returns><par>A string representing the class of the elements in the array </par></returns>
		<see_also><par><link linkend="method.array.SetElemClass">method.array.SetElemClass</link>, </par></see_also>
	</method>
</bifdoc>
