<?xml version="1.0" encoding="ISO-8859-1"?>
<!DOCTYPE bifdoc SYSTEM "http://www.tabasoft.it/biferno/bfdocdtd/bifdoc.dtd">
<bifdoc>
	<method static="no" visibility="public">
		<pclass>array</pclass>
		<name>Index</name>
		<prototype>
			<return_value>
				<pclass>int</pclass>
			</return_value>
			<param_list>
				<param>
					<pclass>string</pclass>
					<name>elementName</name>
					<descr><par> The name of the element to search for </par></descr>
				</param>
			</param_list>
		</prototype>
		<descr><par> Locates an element with name elementName in the array </par></descr>
		<returns><par> The position of the element in the array </par></returns>
	</method>
</bifdoc>
