<?xml version="1.0" encoding="ISO-8859-1"?>
<!DOCTYPE bifdoc SYSTEM "http://www.tabasoft.it/biferno/bfdocdtd/bifdoc.dtd">
<bifdoc>
	<method static="no" visibility="public" varargs="yes" nonames="yes">
		<pclass>array</pclass>
		<name>Insert</name>
		<prototype>
			<param_list>
				<param>
					<pclass>int</pclass>
					<name>pos</name>
					<descr><par> The position preceeding the new objects position </par></descr>
				</param>
				<param>
					<pclass>obj</pclass>
					<name>elementN</name>
					<descr><par> Objects to insert </par></descr>
				</param>
			</param_list>
		</prototype>
		<descr><par> Insert one or more objects in the array after the position pos. </par></descr>
		<returns><par> Nothing </par></returns>
		<see_also><par> <link linkend="method.array.Delete">method.array.Delete</link>, <link linkend="method.array.Add">method.array.Add</link> </par></see_also>
	</method>
</bifdoc>
