<?xml version="1.0" encoding="ISO-8859-1"?>
<!DOCTYPE bifdoc SYSTEM "http://www.tabasoft.it/biferno/bfdocdtd/bifdoc.dtd">
<bifdoc>
	<method static="no" visibility="public">
		<pclass>array</pclass>
		<name>Max</name>
		<prototype>
			<return_value>
				<pclass>int</pclass>
			</return_value>
		</prototype>
		<descr><par> Locates the element with the maximum value in the array </par></descr>
		<returns><par> Th element index (not value) containig the maximum </par></returns>
		<see_also><par> <link linkend="method.array.Min">method.array.Min</link> </par></see_also>
		<note><par> The &#34;maximum value&#34; is calculated invoking the class &#34;greater&#34; operator. When creating a class make sure to implement basic operators (=, &lt;, &gt;, &lt;=, &gt;= etc) so that this and the Min() method can be applied. </par></note>
	</method>
</bifdoc>
