<?xml version="1.0" encoding="ISO-8859-1"?>
<!DOCTYPE bifdoc SYSTEM "http://www.tabasoft.it/biferno/bfdocdtd/bifdoc.dtd">
<bifdoc>
	<method static="no" visibility="public">
		<pclass>array</pclass>
		<name>Min</name>
		<prototype>
			<return_value>
				<pclass>int</pclass>
			</return_value>
		</prototype>
		<descr><par> Locates the element with the minimum value in the array </par></descr>
		<returns><par> The element index (not value) containig the minimum </par></returns>
		<see_also><par> <link linkend="method.array.Max">method.array.Max</link> </par></see_also>
		<note><par> The &#34;minimum value&#34; is calculated invoking the class &#34;less than or equal&#34; operator. When creating a class make sure to implement basic operators (=, &gt;, &lt;, &lt;=, &gt;= etc) so that this and the Max() method can be applied. </par></note>
	</method>
</bifdoc>
