<?xml version="1.0" encoding="ISO-8859-1"?>
<!DOCTYPE bifdoc SYSTEM "http://www.tabasoft.it/biferno/bfdocdtd/bifdoc.dtd">
<bifdoc>
	<property static="no" visibility="public">
		<pclass>array</pclass>
		<name>name</name>
		<return_value>
			<pclass>string</pclass>
			<aelevel>1</aelevel>
		</return_value>
		<descr><par> Is an array containing the names of elements </par></descr>
		<returns><par> The name of i-th element </par></returns>
		<note><par> To get the name of the first element write: myArray.name[1] </par></note>
	</property>
</bifdoc>
