<?xml version="1.0" encoding="ISO-8859-1"?>
<!DOCTYPE bifdoc SYSTEM "http://www.tabasoft.it/biferno/bfdocdtd/bifdoc.dtd">
<bifdoc>
	<method static="no" visibility="public">
		<pclass>array</pclass>
		<name>Reset</name>
		<prototype></prototype>
		<descr><par>Removes all the elements of the array  </par></descr>
		<returns><par>Nothing  </par></returns>
		<see_also><par><link linkend="method.array.Delete">method.array.Delete</link>,  <link linkend="method.array.SetDim">method.array.SetDim</link>  </par></see_also>
	</method>
</bifdoc>
