<?xml version="1.0" encoding="ISO-8859-1"?>
<!DOCTYPE bifdoc SYSTEM "http://www.tabasoft.it/biferno/bfdocdtd/bifdoc.dtd">
<bifdoc>
	<method static="no" visibility="public">
		<pclass>array</pclass>
		<name>Reverse</name>
		<prototype></prototype>
		<descr><par> Reverse the position of elements moving the element in the first  position to the last position and so on </par></descr>
		<returns><par> Nothing </par></returns>
		<see_also><par> method.array.Sort </par></see_also>
		<note><par>  </par></note>
	</method>
</bifdoc>
