<?xml version="1.0" encoding="ISO-8859-1"?>
<!DOCTYPE bifdoc SYSTEM "http://www.tabasoft.it/biferno/bfdocdtd/bifdoc.dtd">
<bifdoc>
	<method static="no" visibility="public">
		<pclass>array</pclass>
		<name>SetDim</name>
		<prototype>
			<param_list>
				<param>
					<pclass>int</pclass>
					<name>newDim</name>
					<descr><par>The new dimension of the array </par></descr>
				</param>
			</param_list>
		</prototype>
		<descr><par>Sets the dimension of the array to newDim adding or removing elements </par></descr>
		<see_also><par><link linkend="method.array.Reset">method.array.Reset</link>, <link linkend="method.array.Add">method.array.Add</link>, <link linkend="method.array.Delete">method.array.Delete</link> </par></see_also>
		<note><par>Elements added are &#34;undefined&#34; until their initialization </par></note>
	</method>
</bifdoc>
