<?xml version="1.0" encoding="ISO-8859-1"?>
<!DOCTYPE bifdoc SYSTEM "http://www.tabasoft.it/biferno/bfdocdtd/bifdoc.dtd">
<bifdoc>
	<method static="no" visibility="public">
		<pclass>array</pclass>
		<name>Sort</name>
		<prototype>
			<param_list>
				<param>
					<pclass>int</pclass>
					<name>mode</name>
					<default>asc</default>
					<descr><par>Determines the order of the array after the sort.  Possible values can be <link linkend="constant.array.asc">constant.array.asc</link> and <link linkend="constant.array.desc">constant.array.desc</link> (default is <link linkend="constant.array.asc">constant.array.asc</link>) </par></descr>
				</param>
				<param>
					<pclass>string</pclass>
					<name>compareFunc</name>
					<descr><par>If this parameter is &#34;&#34; or not specified, the sort is performed executing a comparison operator for the class type of the array elements. Otherwise, if this parameter is specified, the function with the given name will be called to compare elements of array. The prototype of the function (callback) must be:
<code>function boolean CompareFunc(array *theArray, int index1, int index2, int mode);</code>
The array, two indexes and the mode (asc or desc) will be passed. The function must return:true if elements must be swapped, false if not. </par></descr>
				</param>
				<param>
					<pclass>int</pclass>
					<name>alg</name>
					<descr><par>Determines the sort algorithm. Possible values can be <link linkend="constant.array.bubble">constant.array.bubble</link> and <link linkend="constant.array.shell">constant.array.shell</link>. If it is not specified, shell is used if elements are more than 20, bubble otherwise. </par></descr>
				</param>
			</param_list>
		</prototype>
		<descr><par>Sorts elements in array </par></descr>
		<returns><par>Nothing </par></returns>
		<see_also><par><link linkend="method.array.Reverse">method.array.Reverse</link> </par></see_also>
	</method>
</bifdoc>
