<?xml version="1.0" encoding="ISO-8859-1"?>
<!DOCTYPE bifdoc SYSTEM "http://www.tabasoft.it/biferno/bfdocdtd/bifdoc.dtd">
<bifdoc>
	<method static="no" visibility="public">
		<pclass>array</pclass>
		<name>SubArray</name>
		<prototype>
			<return_value>
				<pclass>array</pclass>
			</return_value>
			<param_list>
				<param>
					<pclass>int</pclass>
					<name>start</name>
					<descr><par> The first element to include in result array </par></descr>
				</param>
				<param>
					<pclass>int</pclass>
					<name>end</name>
					<descr><par> The last element to include in result array </par></descr>
				</param>
			</param_list>
		</prototype>
		<descr><par> Return a portion of the array from start to end </par></descr>
		<returns><par> An array part of the original </par></returns>
		<note><par> Causes <link linkend="error.array.ErrBadStartIndex">error.array.ErrBadStartIndex</link> if start parameter is less than or if it is greater than the dimension of the array. If start is 0, than the sub array begins with the first element of the array.  Causes <link linkend="error.array.ErrBadEndIndex">error.array.ErrBadEndIndex</link> if end parameter is less than 0. If end is 0, than the sub array ends with the last element of the array. </par></note>
	</method>
</bifdoc>
