<?xml version="1.0" encoding="ISO-8859-1"?>
<!DOCTYPE bifdoc SYSTEM "http://www.tabasoft.it/biferno/bfdocdtd/bifdoc.dtd">
<bifdoc>
	<method static="no" visibility="public">
		<pclass>array</pclass>
		<name>Swap</name>
		<prototype>
			<param_list>
				<param>
					<pclass>int</pclass>
					<name>index1</name>
					<descr><par>The first element to be swapped</par></descr>
				</param>
				<param>
					<pclass>int</pclass>
					<name>index2</name>
					<descr><par>The second element to be swapped</par></descr>
				</param>
			</param_list>
		</prototype>
		<descr><par>Swaps two objects in an array.</par></descr>
	</method>
</bifdoc>
