<?xml version="1.0" encoding="ISO-8859-1"?>
<!DOCTYPE bifdoc SYSTEM "http://www.tabasoft.it/biferno/bfdocdtd/bifdoc.dtd">
<bifdoc>
	<method static="no" visibility="public">
		<pclass>array</pclass>
		<name>ToString</name>
		<prototype>
			<return_value>
				<pclass>string</pclass>
			</return_value>
			<param_list>
				<param>
					<pclass>string</pclass>
					<name>separator</name>
					<default>", "</default>
					<descr><par> The string to print between elements </par></descr>
				</param>
				<param>
					<pclass>boolean</pclass>
					<name>alsoName</name>
					<default>false</default>
					<descr><par> If true, also the names of indexs are included in the string </par></descr>
				</param>
			</param_list>
		</prototype>
		<descr><par> Returns a string representing the array </par></descr>
		<returns><par> The string representing the array </par></returns>
	</method>
</bifdoc>
