<?xml version="1.0" encoding="ISO-8859-1"?>
<!DOCTYPE bifdoc SYSTEM "http://www.tabasoft.it/biferno/bfdocdtd/bifdoc.dtd">
<bifdoc>
	<method static="no" visibility="public">
		<pclass>db</pclass>
		<name>BindAll</name>
		<prototype>
			<param_list>
				<param>
					<pclass>int</pclass>
					<name>pos</name>
					<descr><par>The position of parameter mark to bind</par></descr>
				</param>
				<param>
					<pclass>string</pclass>
					<name>variableName</name>
					<descr><par>The name of the table field used with the parameter mark</par></descr>
				</param>
				<param>
					<pclass>int</pclass>
					<name>bytes</name>
					<descr><par>The name of the variable to bind</par></descr>
				</param>
				<param>
					<pclass>int</pclass>
					<name>mode</name>
					<descr><par>The id of the pool as returned by a Prepare call</par></descr>
				</param>
				<param>
					<pclass>int</pclass>
					<name>prepareID</name>
					<descr><par>n.a.</par></descr>
				</param>
			</param_list>
		</prototype>
		<descr><par>Binds a variable to the pos-th parameter mark (&#34;?&#34;) in a prepared statement in all statements of a prepared pool of cursors</par></descr>
		<see_also><par><link linkend="method.db.Prepare">method.db.Prepare</link>, <link linkend="method.db.Bind">method.db.Bind</link>, <link linkend="method.db.GetPrepared">method.db.GetPrepared</link>,  <link linkend="method.db.ExecPrepared">method.db.ExecPrepared</link>,  </par></see_also>
		<note><par>At bind time is not necessary that a variable with name &#34;variableName&#34; exist. It is important that it will exists at ExecPrepared time</par></note>
	</method>
</bifdoc>
