<?xml version="1.0" encoding="ISO-8859-1"?>
<!DOCTYPE bifdoc SYSTEM "http://www.tabasoft.it/biferno/bfdocdtd/bifdoc.dtd">
<bifdoc>
	<method static="no" visibility="public" varargs="yes" nonames="yes">
		<pclass>db</pclass>
		<name>Call</name>
		<prototype>
			<return_value>
				<pclass>string</pclass>
			</return_value>
			<param_list>
				<param>
					<pclass>string</pclass>
					<name>procName</name>
					<descr><par>n.a.</par></descr>
				</param>
			</param_list>
		</prototype>
		<descr><par>n.a.</par></descr>
	</method>
</bifdoc>
