<?xml version="1.0" encoding="ISO-8859-1"?>
<!DOCTYPE bifdoc SYSTEM "http://www.tabasoft.it/biferno/bfdocdtd/bifdoc.dtd">
<bifdoc>
	<class implem="c">
		<name>db</name>
		<descr><par>n.a.</par></descr>
	</class>
	<method static="no" visibility="public">
		<pclass>db</pclass>
		<name>db</name>
		<prototype>
			<param_list>
				<param>
					<pclass>string</pclass>
					<name>initString</name>
					<descr><par>The string to connect to the database. The sintax of this string depends on the db parameter. For example a possible string for odbc connection is &#34;DSN=MYDB;UID=mydbuser;PWD=myPass&#34;</par></descr>
				</param>
				<param>
					<pclass>string</pclass>
					<name>db</name>
					<descr><par>the type of connection used (&#34;odbc&#34;, &#34;mysql&#34; etc...)</par></descr>
				</param>
			</param_list>
		</prototype>
		<descr><par>This class is used to interact with database manager systems (DBMS). It can connect to DBMS via ODBC or via native drivers (when they are available).</par></descr>
	</method>
</bifdoc>
