<?xml version="1.0" encoding="ISO-8859-1"?>
<!DOCTYPE bifdoc SYSTEM "http://www.tabasoft.it/biferno/bfdocdtd/bifdoc.dtd">
<bifdoc>
	<constant static="yes" visibility="public">
		<pclass>db</pclass>
		<name>dynamicMode</name>
		<return_value>
			<pclass>int</pclass>
		</return_value>
		<descr><par>Indicates that cursor must be dynamic: data is retrieved from the DBMS in multiple requests </par></descr>
		<see_also><par><link linkend="method.db.Exec">method.db.Exec</link></par></see_also>
	</constant>
</bifdoc>
