<?xml version="1.0" encoding="ISO-8859-1"?>
<!DOCTYPE bifdoc SYSTEM "http://www.tabasoft.it/biferno/bfdocdtd/bifdoc.dtd">
<bifdoc>
	<error visibility="public">
		<pclass>db</pclass>
		<name>ErrDBMSError</name>
		<return_value>
			<pclass>int</pclass>
		</return_value>
		<descr><par>Is a generic error indicating that an error at driver level occurred. See <link linkend="property.error.subErr">property.error.subErr</link> and <link linkend="property.error.subErrDescr">error.subErrDescr</link> of global err to investigate.</par></descr>
	</error>
</bifdoc>
