<?xml version="1.0" encoding="ISO-8859-1"?>
<!DOCTYPE bifdoc SYSTEM "http://www.tabasoft.it/biferno/bfdocdtd/bifdoc.dtd">
<bifdoc>
	<method static="yes" visibility="public">
		<pclass>db</pclass>
		<name>Escape</name>
		<prototype>
			<return_value>
				<pclass>string</pclass>
			</return_value>
			<param_list>
				<param>
					<pclass>string</pclass>
					<name>str</name>
					<descr><par>The string to escape</par></descr>
				</param>
			</param_list>
		</prototype>
		<descr><par>Escapes the string transforming every single quote in two single quotes (as sql requires)</par></descr>
		<returns><par>The string result of operation</par></returns>
		<see_also><par><link linkend="method.db.Exec">method.db.Exec</link>, <link linkend="method.db.RealEscape">method.db.RealEscape</link></par></see_also>
	</method>
</bifdoc>
