<?xml version="1.0" encoding="ISO-8859-1"?>
<!DOCTYPE bifdoc SYSTEM "http://www.tabasoft.it/biferno/bfdocdtd/bifdoc.dtd">
<bifdoc>
	<method static="no" visibility="public">
		<pclass>db</pclass>
		<name>ExecPrepared</name>
		<prototype>
			<param_list>
				<param>
					<pclass>int</pclass>
					<name>cursorID</name>
					<descr><par>The id of the cursor as returned by GetPrepared</par></descr>
				</param>
			</param_list>
		</prototype>
		<descr><par>Executes a statement previously prepared with a Prepare call</par></descr>
		<see_also><par><link linkend="method.db.Prepare">method.db.Prepare</link>, <link linkend="method.db.BindAll">method.db.BindAll</link>, <link linkend="method.db.GetPrepared">method.db.GetPrepared</link>,  <link linkend="method.db.Bind">method.db.Bind</link>,  </par></see_also>
	</method>
</bifdoc>
