<?xml version="1.0" encoding="ISO-8859-1"?>
<!DOCTYPE bifdoc SYSTEM "http://www.tabasoft.it/biferno/bfdocdtd/bifdoc.dtd">
<bifdoc>
	<method static="no" visibility="public">
		<pclass>db</pclass>
		<name>Exec</name>
		<prototype>
			<return_value>
				<pclass>int</pclass>
			</return_value>
			<param_list>
				<param>
					<pclass>string</pclass>
					<name>sql_statement</name>
					<descr><par>The string containing the sql statement to execute. Parts of the string must be escaped (with <link linkend="method.db.Escape">method.db.Escape</link> method) if contain single quote character (&#34;'&#34;).</par></descr>
				</param>
				<param>
					<pclass>int</pclass>
					<name>mode</name>
					<default>defaultMode</default>
					<descr><par>The type of cursor result of the operation. Possible types are:  <link linkend="constant.db.dynamicMode">db.dynamicMode</link>: the cursor is dynamic, data is retrieved from the DBMS in multiple requests   <link linkend="constant.db.staticMode">db.staticMode</link>: the cursor is static, data is retrieved from the DBMS in a single request                                                                                                                                       <link linkend="constant.db.defaultMode">db.defaultMode</link>: best mode is choosen by the driver</par></descr>
				</param>
				<param>
					<pclass>int</pclass>
					<name>rowSetSize</name>
					<default>1</default>
					<descr><par>The number of rows requested at every Fetch in order to cache records returned by the DBMS</par></descr>
				</param>
				<param>
					<pclass>boolean</pclass>
					<name>freeCursor</name>
					<descr><par>If this parameter is set to true, the cursor is disposed before returning from Exec</par></descr>
				</param>
			</param_list>
		</prototype>
		<descr><par>Sends to the DBMS the sql query contained in the sql_statement parameter.</par></descr>
		<returns><par>A cursor id to use in subsequent calls of db class</par></returns>
		<errors><par>When the generic error <link linkend="error.db.ErrDBMSError">error.db.ErrDBMSError</link> is returned the real error is contained in the <link linkend="property.error.subErr">property.error.subErr</link> and <link linkend="property.error.subErrDescr">property.error.subErrDescr</link> properties of global err  <link linkend="error.db.ErrBadCursorMode">error.db.ErrBadCursorMode</link> is returned if an invalid cursor mode is passed to the function</par></errors>
		<see_also><par><link linkend="method.db.Escape">method.db.Escape</link></par></see_also>
		<note><par>For DBMSs that require prepares, Biferno prepares the query internally</par></note>
	</method>
</bifdoc>
