<?xml version="1.0" encoding="ISO-8859-1"?>
<!DOCTYPE bifdoc SYSTEM "http://www.tabasoft.it/biferno/bfdocdtd/bifdoc.dtd">
<bifdoc>
	<method static="no" visibility="public">
		<pclass>db</pclass>
		<name>FetchRec</name>
		<prototype>
			<return_value>
				<pclass>array</pclass>
			</return_value>
			<param_list>
				<param>
					<pclass>int</pclass>
					<name>cursorID</name>
					<descr><par>The id of the cursor</par></descr>
				</param>
				<param>
					<pclass>boolean</pclass>
					<name>undefNULL</name>
					<descr><par>Normally NULL fields are retrieved as empty strings and one cannot distinguish between empty cells and NULL cells. If undefNULL is true, NULL field are retrieved as undefined elements of the array.</par></descr>
				</param>
				<param>
					<pclass>boolean</pclass>
					<name>fetchLocator</name>
					<descr><par>If <inlinecode>true</inlinecode>, the locators are fetched for CLOB/BLOB fields instead of the data. They can then be used with methods <link linkend="method.db.LobRead">LobRead</link> and <link linkend="method.db.LobWrite">LobWrite</link> of class db. As of today only the oracle extension takes into account the value of this parameter.</par></descr>
				</param>
			</param_list>
		</prototype>
		<descr><par>Fetches the next record from the current selection</par></descr>
		<returns><par>An associative array containing cells of retrieved records. Element's index names of the array are equal to field title as referenced in the sql statements. </par></returns>
		<errors><par>Can return erros related to the DBMS. In that case the native error(or status, as in ODBC) can be found in err.SubErr</par></errors>
		<see_also><par><link linkend="method.db.Seek">method.db.Seek</link>, <link linkend="method.db.Tell">method.db.Tell</link></par></see_also>
		<note><par>To set and get the position of the cursor use: <link linkend="method.db.Seek">method.db.Seek</link> and <link linkend="method.db.Tell">method.db.Tell</link> methods</par></note>
	</method>
</bifdoc>
