<?xml version="1.0" encoding="ISO-8859-1"?>
<!DOCTYPE bifdoc SYSTEM "http://www.tabasoft.it/biferno/bfdocdtd/bifdoc.dtd">
<bifdoc>
	<method static="no" visibility="public">
		<pclass>db</pclass>
		<name>GetAffectedRecs</name>
		<prototype>
			<return_value>
				<pclass>int</pclass>
			</return_value>
			<param_list>
				<param>
					<pclass>int</pclass>
					<name>cursorID</name>
					<descr><par>Is the index of the cursor as returned by <link linkend="method.db.Exec">method.db.Exec</link>, <link linkend="method.db.GetPrepared">method.db.GetPrepared</link> call. If cursorID is not passed, the last cursor created is used</par></descr>
				</param>
			</param_list>
		</prototype>
		<descr><par>Gets the number of records affected by the statement of the cursor cursorID</par></descr>
		<returns><par>The number of rows affected by the operation</par></returns>
		<see_also><par><link linkend="method.db.GetCurRecs">method.db.GetCurRecs</link></par></see_also>
	</method>
</bifdoc>
