<?xml version="1.0" encoding="ISO-8859-1"?>
<!DOCTYPE bifdoc SYSTEM "http://www.tabasoft.it/biferno/bfdocdtd/bifdoc.dtd">
<bifdoc>
	<method static="no" visibility="public">
		<pclass>db</pclass>
		<name>GetPrepared</name>
		<prototype>
			<return_value>
				<pclass>int</pclass>
			</return_value>
			<param_list>
				<param>
					<pclass>int</pclass>
					<name>prepareID</name>
					<descr><par>The id of the pool as returned by the Prepare call</par></descr>
				</param>
			</param_list>
		</prototype>
		<descr><par>Gets a cursor previously prepared with a call to Prepare</par></descr>
		<returns><par>The id of the cursor</par></returns>
		<see_also><par><link linkend="method.db.Prepare">method.db.Prepare</link>, <link linkend="method.db.BindAll">method.db.BindAll</link>, <link linkend="method.db.Bind">method.db.Bind</link>,  <link linkend="method.db.ExecPrepared">method.db.ExecPrepared</link>,  </par></see_also>
	</method>
</bifdoc>
