<?xml version="1.0" encoding="ISO-8859-1"?>
<!DOCTYPE bifdoc SYSTEM "http://www.tabasoft.it/biferno/bfdocdtd/bifdoc.dtd">
<bifdoc>
	<method static="no" visibility="public">
		<pclass>db</pclass>
		<name>LobRead</name>
		<purpose><par>Reads a portion of a LOB/FILE, as specified by the call, into a string.</par></purpose>
		<prototype>
			<return_value>
				<pclass>string</pclass>
			</return_value>
			<param_list>
				<param>
					<pclass>int</pclass>
					<name>locator</name>
					<descr><par>A LOB/FILE locator that uniquely references the LOB/FILE. This locator can be obtained calling the Fetch method with third parameter to true.</par></descr>
				</param>
				<param>
					<pclass>int</pclass>
					<name>offset</name>
					<descr><par>The absolute offset from the beginning of the LOB value. For character LOBs (CLOBs, NCLOBs) it is the number of characters from the beginning of the LOB, for binary LOBs/FILEs it is the number of bytes. The first position is 1.</par></descr>
				</param>
				<param>
					<pclass>int</pclass>
					<name>len</name>
					<descr><par>The length in bytes (or characters) to read from the LOB field..</par></descr>
				</param>
			</param_list>
		</prototype>
		<descr><par>This function can be used to read a portion (or all) of a LOB field.</par></descr>
		<returns><par>A string containing the LOB value.</par></returns>
		<errors><par>Example:
<code>
	cursID = mydb.Exec(&quot;select MYBLOB from MYTABLE&quot;)
	lobLocator = mydb.FetchRec(,,true)[1]
	$mydb.LobRead(lobLocator)
</code>
</par></errors>
		<see_also><par><link linkend="method.db.LobWrite">LobWrite</link>, <link linkend="method.db.FetchRec">FetchRec</link></par></see_also>
		<note><par>As of today only the oracle extension implements this method</par></note>
	</method>
</bifdoc>
