<?xml version="1.0" encoding="ISO-8859-1"?>
<!DOCTYPE bifdoc SYSTEM "http://www.tabasoft.it/biferno/bfdocdtd/bifdoc.dtd">
<bifdoc>
	<method static="no" visibility="public">
		<pclass>db</pclass>
		<name>LobWrite</name>
		<purpose><par>Writes a string into a LOB</par></purpose>
		<prototype>
			<param_list>
				<param>
					<pclass>int</pclass>
					<name>locator</name>
					<descr><par>A LOB/FILE locator that uniquely references the LOB/FILE. This locator can be obtained calling the Fetch method with third parameter to true.</par></descr>
				</param>
				<param>
					<pclass>string</pclass>
					<name>content</name>
					<descr><par>The string to write into the LOB field</par></descr>
				</param>
				<param>
					<pclass>int</pclass>
					<name>offset</name>
					<descr><par>It is the absolute offset from the beginning of the LOB value. For character LOBs it is the number of characters from the beginning of the LOB, for binary LOBs it is the number of bytes. The first position is 1.</par></descr>
				</param>
			</param_list>
		</prototype>
		<descr><par>This function can be used to write a string into a portion (or all) of a LOB field.</par></descr>
		<see_also><par><link linkend="method.db.LobRead">LobRead</link>, <link linkend="method.db.FetchRec">FetchRec</link></par></see_also>
		<note><par>Example:
<code>
	query = &quot;select MYBLOB from MYTABLE where ID=&quot; + id + &quot; FOR UPDATE&quot;
	cursID = mydb.Exec(query)
	lobLocator = mydb.FetchRec(,,true)[1]
	mydb.LobWrite(bLoc, the_content)
</code>
</par></note>
	</method>
</bifdoc>
