<?xml version="1.0" encoding="ISO-8859-1"?>
<!DOCTYPE bifdoc SYSTEM "http://www.tabasoft.it/biferno/bfdocdtd/bifdoc.dtd">
<bifdoc>
	<method static="no" visibility="public">
		<pclass>db</pclass>
		<name>Prepare</name>
		<prototype>
			<return_value>
				<pclass>int</pclass>
			</return_value>
			<param_list>
				<param>
					<pclass>string</pclass>
					<name>sql_statement</name>
					<descr><par>The statement to prepare. Usually this string contains &#34;?&#34; chars indicating parameter marks substituted at bind time</par></descr>
				</param>
				<param>
					<pclass>int</pclass>
					<name>totPrepared</name>
					<descr><par>The total number of cursors to prepare</par></descr>
				</param>
				<param>
					<pclass>int</pclass>
					<name>mode</name>
					<default>defaultMode</default>
					<descr><par>The mode of prepared cursor (see <link linkend="method.db.Exec">method.db.Exec</link>)</par></descr>
				</param>
				<param>
					<pclass>int</pclass>
					<name>rowSetSize</name>
					<default>1</default>
					<descr><par>The row set size of the cursor (see <link linkend="method.db.Exec">method.db.Exec</link>)</par></descr>
				</param>
			</param_list>
		</prototype>
		<descr><par>Prepares totPrepared sql statements to be used later </par></descr>
		<returns><par>A pool id to use in subsequent db calls using prepared pool</par></returns>
		<see_also><par><link linkend="method.db.Bind">method.db.Bind</link>, <link linkend="method.db.BindAll">method.db.BindAll</link>, <link linkend="method.db.GetPrepared">method.db.GetPrepared</link>,  <link linkend="method.db.ExecPrepared">method.db.ExecPrepared</link>,  </par></see_also>
	</method>
</bifdoc>
