<?xml version="1.0" encoding="ISO-8859-1"?>
<!DOCTYPE bifdoc SYSTEM "http://www.tabasoft.it/biferno/bfdocdtd/bifdoc.dtd">
<bifdoc>
	<method static="no" visibility="public">
		<pclass>db</pclass>
		<name>RealEscape</name>
		<prototype>
			<return_value>
				<pclass>string</pclass>
			</return_value>
			<param_list>
				<param>
					<pclass>string</pclass>
					<name>str</name>
					<descr><par>The string to escape</par></descr>
				</param>
				<param>
					<pclass>boolean</pclass>
					<name>byteEsc</name>
					<descr><par>unused</par></descr>
				</param>
			</param_list>
		</prototype>
		<descr><par>Escapes the string transforming characters as sql of the DBMS requires</par></descr>
		<returns><par>The string result of operation</par></returns>
		<see_also><par><link linkend="method.db.Escape">method.db.Escape</link></par></see_also>
		<note><par>The difference between this method and the Escape method is that the RealEscape calls a DBMS API (if any) to escape the string. If there is not a DBMS dedicated API, this method is equivalent to Escape.</par></note>
	</method>
</bifdoc>
