<?xml version="1.0" encoding="ISO-8859-1"?>
<!DOCTYPE bifdoc SYSTEM "http://www.tabasoft.it/biferno/bfdocdtd/bifdoc.dtd">
<bifdoc>
	<method static="no" visibility="public">
		<pclass>db</pclass>
		<name>RollBack</name>
		<prototype></prototype>
		<descr><par>Terminates a transaction rolling back all changes on the database</par></descr>
		<see_also><par><link linkend="method.db.Transaction">method.db.Transaction</link>, <link linkend="method.db.Commit">method.db.Commit</link></par></see_also>
	</method>
</bifdoc>
