<?xml version="1.0" encoding="ISO-8859-1"?>
<!DOCTYPE bifdoc SYSTEM "http://www.tabasoft.it/biferno/bfdocdtd/bifdoc.dtd">
<bifdoc>
	<method static="no" visibility="public">
		<pclass>db</pclass>
		<name>RowSetSize</name>
		<prototype>
			<param_list>
				<param>
					<pclass>int</pclass>
					<name>size</name>
					<descr><par>The number of record to cache in every Fetch operation</par></descr>
				</param>
				<param>
					<pclass>int</pclass>
					<name>cursorID</name>
					<descr><par>The id of the cursor</par></descr>
				</param>
			</param_list>
		</prototype>
		<descr><par>Sets the number of rows requested at every Fetch in order to cache records returned by the DBMS</par></descr>
	</method>
</bifdoc>
