<?xml version="1.0" encoding="ISO-8859-1"?>
<!DOCTYPE bifdoc SYSTEM "http://www.tabasoft.it/biferno/bfdocdtd/bifdoc.dtd">
<bifdoc>
	<method static="no" visibility="public">
		<pclass>db</pclass>
		<name>Seek</name>
		<prototype>
			<param_list>
				<param>
					<pclass>int</pclass>
					<name>index</name>
					<descr><par>The position (1-based) to set for the cursor</par></descr>
				</param>
				<param>
					<pclass>int</pclass>
					<name>cursorID</name>
					<descr><par>The id of the cursor</par></descr>
				</param>
			</param_list>
		</prototype>
		<descr><par>Sets the position of the cursor, that is, the index of the record fetched at next Fetch call</par></descr>
		<errors><par><link linkend="error.db.ErrBadSeekIndex">error.db.ErrBadSeekIndex</link> is returned if a position = 0 is passed to Seek method</par></errors>
		<see_also><par><link linkend="method.db.Tell">method.db.Tell</link></par></see_also>
	</method>
</bifdoc>
