<?xml version="1.0" encoding="ISO-8859-1"?>
<!DOCTYPE bifdoc SYSTEM "http://www.tabasoft.it/biferno/bfdocdtd/bifdoc.dtd">
<bifdoc>
	<method static="no" visibility="public">
		<pclass>db</pclass>
		<name>Tell</name>
		<prototype>
			<return_value>
				<pclass>int</pclass>
			</return_value>
			<param_list>
				<param>
					<pclass>int</pclass>
					<name>cursorID</name>
					<descr><par>The id of the cursor</par></descr>
				</param>
			</param_list>
		</prototype>
		<descr><par>Gets the position of the cursor, that is, the index of the record fetched at next Fetch call</par></descr>
		<returns><par>The current position (1-based) of the cursor</par></returns>
		<see_also><par><link linkend="method.db.Seek">method.db.Seek</link></par></see_also>
	</method>
</bifdoc>
