<?xml version="1.0" encoding="ISO-8859-1"?>
<!DOCTYPE bifdoc SYSTEM "http://www.tabasoft.it/biferno/bfdocdtd/bifdoc.dtd">
<bifdoc>
	<method static="no" visibility="public">
		<pclass>db</pclass>
		<name>Transaction</name>
		<prototype></prototype>
		<descr><par>Begins a transaction that can be terminated committing or rolling back</par></descr>
		<see_also><par><link linkend="method.db.Commit">method.db.Commit</link>, <link linkend="method.db.RollBack">method.db.RollBack</link></par></see_also>
	</method>
</bifdoc>
