<?xml version="1.0" encoding="ISO-8859-1"?>
<!DOCTYPE bifdoc SYSTEM "http://www.tabasoft.it/biferno/bfdocdtd/bifdoc.dtd">
<bifdoc>
	<method static="no" visibility="public">
		<pclass>db</pclass>
		<name>Warning</name>
		<prototype>
			<return_value>
				<pclass>string</pclass>
			</return_value>
			<param_list>
				<param>
					<pclass>int</pclass>
					<name>cursorID</name>
					<descr><par>The cursor id</par></descr>
				</param>
			</param_list>
		</prototype>
		<descr><par>Gets the last warning returned by the DBMS</par></descr>
		<returns><par>A string containing the last warning</par></returns>
	</method>
</bifdoc>
