<?xml version="1.0" encoding="ISO-8859-1"?>
<!DOCTYPE bifdoc SYSTEM "http://www.tabasoft.it/biferno/bfdocdtd/bifdoc.dtd">
<bifdoc>
	<method static="yes" visibility="public">
		<pclass>ansi</pclass>
		<name>random</name>
		<prototype>
			<return_value>
				<pclass>int</pclass>
			</return_value>
		</prototype>
		<descr><par>Gets a random number </par></descr>
		<returns><par>The number </par></returns>
		<see_also><par><link linkend="method.ansi.srandom">method.ansi.srandom</link> </par></see_also>
	</method>
</bifdoc>
