<?xml version="1.0" encoding="ISO-8859-1"?>
<!DOCTYPE bifdoc SYSTEM "http://www.tabasoft.it/biferno/bfdocdtd/bifdoc.dtd">
<bifdoc>
	<method static="yes" visibility="public">
		<pclass>ansi</pclass>
		<name>srandom</name>
		<prototype>
			<param_list>
				<param>
					<pclass>int</pclass>
					<name>seed</name>
					<descr><par> A number to use to restart the random sequence. If 0, the computer clock is used. </par></descr>
				</param>
			</param_list>
		</prototype>
		<descr><par> Reinitialize the machine seed to get random numbers (with <link linkend="method.ansi.random">method.ansi.random</link>) </par></descr>
		<returns><par> Nothing </par></returns>
		<see_also><par> <link linkend="method.ansi.random">method.ansi.random</link> </par></see_also>
	</method>
</bifdoc>
