<?xml version="1.0" encoding="ISO-8859-1"?>
<!DOCTYPE bifdoc SYSTEM "http://www.tabasoft.it/biferno/bfdocdtd/bifdoc.dtd">
<bifdoc>
	<method static="yes" visibility="public">
		<pclass>ansi</pclass>
		<name>strcmp</name>
		<prototype>
			<return_value>
				<pclass>int</pclass>
			</return_value>
			<param_list>
				<param>
					<pclass>string</pclass>
					<name>str1</name>
					<descr><par> The first string </par></descr>
				</param>
				<param>
					<pclass>string</pclass>
					<name>str2</name>
					<descr><par> The second string </par></descr>
				</param>
			</param_list>
		</prototype>
		<descr><par> Compares string str1 with string str2 </par></descr>
		<returns><par> A positive integer if s1 &gt; s2, 0 if s1 == s2,  a negative integer if s1 s2 </par></returns>
		<see_also><par> <link linkend="method.ansi.strncmp">method.ansi.strncmp</link> </par></see_also>
	</method>
</bifdoc>
