<?xml version="1.0" encoding="ISO-8859-1"?>
<!DOCTYPE bifdoc SYSTEM "http://www.tabasoft.it/biferno/bfdocdtd/bifdoc.dtd">
<bifdoc>
	<method static="yes" visibility="public">
		<pclass>ansi</pclass>
		<name>strcspn</name>
		<prototype>
			<return_value>
				<pclass>int</pclass>
			</return_value>
			<param_list>
				<param>
					<pclass>string</pclass>
					<name>str1</name>
					<descr><par> The first string </par></descr>
				</param>
				<param>
					<pclass>string</pclass>
					<name>str2</name>
					<descr><par> The second string </par></descr>
				</param>
			</param_list>
		</prototype>
		<descr><par> Computes the length of the maximum initial segment of string str1 that consists entirely of characters that are not from string str2 </par></descr>
		<returns><par> The length of the segment </par></returns>
		<see_also><par> <link linkend="method.ansi.strspn">method.ansi.strspn</link> </par></see_also>
	</method>
</bifdoc>
