<?xml version="1.0" encoding="ISO-8859-1"?>
<!DOCTYPE bifdoc SYSTEM "http://www.tabasoft.it/biferno/bfdocdtd/bifdoc.dtd">
<bifdoc>
	<method static="yes" visibility="public">
		<pclass>ansi</pclass>
		<name>strncat</name>
		<prototype>
			<return_value>
				<pclass>string</pclass>
			</return_value>
			<param_list>
				<param>
					<pclass>string</pclass>
					<name>str1</name>
					<descr><par> The first string </par></descr>
				</param>
				<param>
					<pclass>string</pclass>
					<name>str2</name>
					<descr><par> The second string </par></descr>
				</param>
				<param>
					<pclass>int</pclass>
					<name>n</name>
					<descr><par> Max chars to append to str1 </par></descr>
				</param>
			</param_list>
		</prototype>
		<descr><par> Returns a new string appending string str2 to string str1 until it has appended n characters or it has reached the end of string str2 </par></descr>
		<returns><par> The string result of operation </par></returns>
		<see_also><par> <link linkend="method.ansi.strncpy">method.ansi.strncpy</link> </par></see_also>
	</method>
</bifdoc>
