<?xml version="1.0" encoding="ISO-8859-1"?>
<!DOCTYPE bifdoc SYSTEM "http://www.tabasoft.it/biferno/bfdocdtd/bifdoc.dtd">
<bifdoc>
	<method static="yes" visibility="public">
		<pclass>ansi</pclass>
		<name>strncmp</name>
		<prototype>
			<return_value>
				<pclass>int</pclass>
			</return_value>
			<param_list>
				<param>
					<pclass>string</pclass>
					<name>str1</name>
					<descr><par> The first string </par></descr>
				</param>
				<param>
					<pclass>string</pclass>
					<name>str2</name>
					<descr><par> The second string </par></descr>
				</param>
				<param>
					<pclass>int</pclass>
					<name>n</name>
					<descr><par> The number of characters to compare </par></descr>
				</param>
			</param_list>
		</prototype>
		<descr><par> Compares string str1 with string str2 up to a limit of n characters </par></descr>
		<returns><par> A positive integer if str1 &#62; str2, 0 if str1 == str2, a negative integer if str1 str2 </par></returns>
		<see_also><par> <link linkend="method.ansi.strcmp">method.ansi.strcmp</link> </par></see_also>
	</method>
</bifdoc>
