<?xml version="1.0" encoding="ISO-8859-1"?>
<!DOCTYPE bifdoc SYSTEM "http://www.tabasoft.it/biferno/bfdocdtd/bifdoc.dtd">
<bifdoc>
	<method static="yes" visibility="public">
		<pclass>ansi</pclass>
		<name>strncpy</name>
		<prototype>
			<return_value>
				<pclass>string</pclass>
			</return_value>
			<param_list>
				<param>
					<pclass>string</pclass>
					<name>str</name>
					<descr><par> The string </par></descr>
				</param>
				<param>
					<pclass>int</pclass>
					<name>n</name>
					<descr><par> Max chars to append to str </par></descr>
				</param>
			</param_list>
		</prototype>
		<descr><par> Returns a new string copying characters from string str until either it  has copied n characters or it has reached the end of string str </par></descr>
		<returns><par> The string result of operation </par></returns>
		<see_also><par> <link linkend="method.ansi.strncat">method.ansi.strncat</link> </par></see_also>
	</method>
</bifdoc>
