<?xml version="1.0" encoding="ISO-8859-1"?>
<!DOCTYPE bifdoc SYSTEM "http://www.tabasoft.it/biferno/bfdocdtd/bifdoc.dtd">
<bifdoc>
	<method static="yes" visibility="public">
		<pclass>ansi</pclass>
		<name>strpbrk</name>
		<prototype>
			<return_value>
				<pclass>string</pclass>
			</return_value>
			<param_list>
				<param>
					<pclass>string</pclass>
					<name>str1</name>
					<descr><par> The first string </par></descr>
				</param>
				<param>
					<pclass>string</pclass>
					<name>str2</name>
					<descr><par> The second string </par></descr>
				</param>
			</param_list>
		</prototype>
		<descr><par> Locates the first occurrence in str1 of any characters from string str2 </par></descr>
		<returns><par> A copy of string str1 starting from the first occurrence until end or an empty string if no characters were found </par></returns>
	</method>
</bifdoc>
