<?xml version="1.0" encoding="ISO-8859-1"?>
<!DOCTYPE bifdoc SYSTEM "http://www.tabasoft.it/biferno/bfdocdtd/bifdoc.dtd">
<bifdoc>
	<method static="yes" visibility="public">
		<pclass>ansi</pclass>
		<name>strrch</name>
		<prototype>
			<return_value>
				<pclass>string</pclass>
			</return_value>
			<param_list>
				<param>
					<pclass>string</pclass>
					<name>str</name>
					<descr><par> The string to search in </par></descr>
				</param>
				<param>
					<pclass>char</pclass>
					<name>ch</name>
					<descr><par> The character to search for </par></descr>
				</param>
			</param_list>
		</prototype>
		<descr><par> Locates the last occurrence of char ch in string str </par></descr>
		<returns><par> A copy of string str starting from the last occurrence until end, or an empty string if ch was not found </par></returns>
		<see_also><par> <link linkend="method.ansi.strch">method.ansi.strch</link> </par></see_also>
	</method>
</bifdoc>
