<?xml version="1.0" encoding="ISO-8859-1"?>
<!DOCTYPE bifdoc SYSTEM "http://www.tabasoft.it/biferno/bfdocdtd/bifdoc.dtd">
<bifdoc>
	<property static="no" visibility="public">
		<pclass>cacheItem</pclass>
		<name>averageExecTime</name>
		<return_value>
			<pclass>unsigned</pclass>
		</return_value>
		<descr><par> Returns the average of execution time of the script over all the executions of it  </par></descr>
		<returns><par> The time of execution (in milliseconds) </par></returns>
	</property>
</bifdoc>
