<?xml version="1.0" encoding="ISO-8859-1"?>
<!DOCTYPE bifdoc SYSTEM "http://www.tabasoft.it/biferno/bfdocdtd/bifdoc.dtd">
<bifdoc>
	<class implem="c">
		<name>cacheItem</name>
		<descr><par>n.a.</par></descr>
	</class>
	<method static="no" visibility="public">
		<pclass>cacheItem</pclass>
		<name>cacheItem</name>
		<prototype>
			<param_list>
				<param>
					<pclass>string</pclass>
					<name>path</name>
					<descr><par>n.a.</par></descr>
				</param>
				<param>
					<pclass>int</pclass>
					<name>openMode</name>
					<descr><par>n.a.</par></descr>
				</param>
				<param>
					<pclass>int</pclass>
					<name>permission</name>
					<descr><par>n.a.</par></descr>
				</param>
			</param_list>
		</prototype>
		<descr><par> The class &#34;cacheItem&#34; extends the <link linkend="class.file">file</link> class and can be used to manage files in cache. To activate the cache the application variable &#34;CACHE&#34; must be true </par></descr>
	</method>
</bifdoc>
