<?xml version="1.0" encoding="ISO-8859-1"?>
<!DOCTYPE bifdoc SYSTEM "http://www.tabasoft.it/biferno/bfdocdtd/bifdoc.dtd">
<bifdoc>
	<property static="no" visibility="public">
		<pclass>cacheItem</pclass>
		<name>hits</name>
		<return_value>
			<pclass>unsigned</pclass>
		</return_value>
		<descr><par> Returns total times the file was requested to the cache, that is, the total number of executions of the file (the &#34;hits&#34;) </par></descr>
		<returns><par> The hits </par></returns>
	</property>
</bifdoc>
