<?xml version="1.0" encoding="ISO-8859-1"?>
<!DOCTYPE bifdoc SYSTEM "http://www.tabasoft.it/biferno/bfdocdtd/bifdoc.dtd">
<bifdoc>
	<property static="no" visibility="public">
		<pclass>cacheItem</pclass>
		<name>lastAccess</name>
		<return_value>
			<pclass>time</pclass>
		</return_value>
		<descr><par> Returns the last time the file was executed </par></descr>
		<returns><par> A variable of class  <link linkend="class.time">time</link>  representing the last time of access </par></returns>
	</property>
</bifdoc>
