<?xml version="1.0" encoding="ISO-8859-1"?>
<!DOCTYPE bifdoc SYSTEM "http://www.tabasoft.it/biferno/bfdocdtd/bifdoc.dtd">
<bifdoc>
	<property static="no" visibility="public">
		<pclass>cacheItem</pclass>
		<name>userPath</name>
		<return_value>
			<pclass>string</pclass>
		</return_value>
		<descr><par> Returns the path of the file as it was requested by the user</par></descr>
		<returns><par> A string representing the path </par></returns>
		<note><par> Note that a file with path: "file://c/myFolder/myFile" can be requested as  "myFile" from a script in the folder "file://c/myFolder"</par></note>
	</property>
</bifdoc>
