<?xml version="1.0" encoding="ISO-8859-1"?>
<!DOCTYPE bifdoc SYSTEM "http://www.tabasoft.it/biferno/bfdocdtd/bifdoc.dtd">
<bifdoc>
	<method static="yes" visibility="public">
		<pclass>httpExt</pclass>
		<name>ExecRemote</name>
		<purpose><par>Retrieves an URL from the WWW</par></purpose>
		<prototype>
			<return_value>
				<pclass>string</pclass>
			</return_value>
			<param_list>
				<param>
					<pclass>string</pclass>
					<name>url</name>
					<descr><par>the url to retrieve</par></descr>
				</param>
			</param_list>
		</prototype>
		<descr><par>This method return the content of an URL identified by url</par></descr>
		<note><par>Example:
<code>
$httpExt.ExecRemote(&quot;www.tabasoft.it&quot;)
</code>
</par></note>
	</method>
</bifdoc>
