<?xml version="1.0" encoding="ISO-8859-1"?>
<!DOCTYPE bifdoc SYSTEM "http://www.tabasoft.it/biferno/bfdocdtd/bifdoc.dtd">
<bifdoc>
	<method static="yes" visibility="public">
		<pclass>jclassExt</pclass>
		<name>DoThumbnail</name>
		<purpose><par>Creates a thumbnail from an image</par></purpose>
		<prototype>
			<param_list>
				<param>
					<pclass>string</pclass>
					<name>sourceFile</name>
					<descr><par>The location of the file containing the image you want to build the thumbnail.</par></descr>
				</param>
				<param>
					<pclass>int</pclass>
					<name>maxDim</name>
					<descr><par>The max dimension allowed. It is applyed to the greater between height and width.</par></descr>
				</param>
			</param_list>
		</prototype>
		<descr><par>This method uses the java classes &quot;javax.swing.ImageIcon&quot;, &quot;java.awt.Image&quot;, &quot;java.awt.image.BufferedImage&quot;, &quot;java.awt.geom.AffineTransform&quot;, &quot;java.io.FileOutputStream&quot;, &quot;com.sun.image.codec.jpeg.JPEGCodec&quot; and &quot;java.awt.Component&quot;
 to obtain a thumbnail from a generic image.</par></descr>
	</method>
</bifdoc>
