<?xml version="1.0" encoding="ISO-8859-1"?>
<!DOCTYPE bifdoc SYSTEM "http://www.tabasoft.it/biferno/bfdocdtd/bifdoc.dtd">
<bifdoc>
	<class implem="b">
		<name>jclassExt</name>
		<purpose><par>Extends jclass</par></purpose>
		<descr><par>This class has methods that extends the jclass class.</par></descr>
		<see_also><par><link linkend="class.jclass">jclass</link>. See the document &quot;Calling Java code from Biferno&quot; in the section &quot;Documents&quot; of the Biferno web site for a complete documentation of this class.</par></see_also>
		<note><par>Available from Biferno version 1.1</par></note>
	</class>
	<method static="no" visibility="public">
		<pclass>jclassExt</pclass>
		<name>jclassExt</name>
		<purpose><par>Instantiate a &quot;jclassExt&quot; biferno object</par></purpose>
		<prototype>
			<param_list>
				<param>
					<pclass>string</pclass>
					<name>className</name>
					<descr><par>A complete name of a Java 2 Platform class (i.e. &quot;java.lang.String&quot;) or a user class (i.e. &quot;HelloWorld&quot;). CLASSPATH environment variable determines where Biferno searches for user classes.</par></descr>
				</param>
			</param_list>
		</prototype>
		<descr><par>Can be used to extend jclass capabilities and to avoid the JVM cache.</par></descr>
		<see_also><par>Document &quot;Calling Java code from Biferno&quot; in the section &quot;Documents&quot; of the Biferno web site.</par></see_also>
	</method>
</bifdoc>
