<?xml version="1.0" encoding="ISO-8859-1"?>
<!DOCTYPE bifdoc SYSTEM "http://www.tabasoft.it/biferno/bfdocdtd/bifdoc.dtd">
<bifdoc>
	<property static="yes" visibility="public">
		<pclass>curScript</pclass>
		<name>basePath</name>
		<purpose><par>The base path of the current script</par></purpose>
		<return_value>
			<pclass>string</pclass>
		</return_value>
		<descr><par>Returns the path of the folder containing the current script. If the script is composed by more than one file (via include) this is the path of the folder containing the first file of the script (the main file)</par></descr>
		<see_also><par><link linkend="property.curFile.basePath">curFile.basePath</link></par></see_also>
	</property>
</bifdoc>
