<?xml version="1.0" encoding="ISO-8859-1"?>
<!DOCTYPE bifdoc SYSTEM "http://www.tabasoft.it/biferno/bfdocdtd/bifdoc.dtd">
<bifdoc>
	<property static="yes" visibility="public">
		<pclass>curScript</pclass>
		<name>currentThreads</name>
		<return_value>
			<pclass>int</pclass>
		</return_value>
		<descr><par>Returns the total number of threads involved in the current script.</par></descr>
		<see_also><par><link linkend="property.curScript.maxThreads">maxThreads</link></par></see_also>
		<note><par>Why does Biferno (sometimes) use more than one thread per script?</par>
<par>
When a script execution is requested Biferno spawns a thread with a predefined stack size (for C internal variables). The stack size is usually big enough to execute the entire script. Nevertheless some scripts (for example scripts using recursive functions) could need more stack at a certain point of execution. In that case the next block of code is executed in a new thread (joined to the parent) in order to obtain more stack space for execution. Thus the number of threads per script can also be greater than 1.
</par></note>
	</property>
</bifdoc>
