<?xml version="1.0" encoding="ISO-8859-1"?>
<!DOCTYPE bifdoc SYSTEM "http://www.tabasoft.it/biferno/bfdocdtd/bifdoc.dtd">
<bifdoc>
	<class implem="c">
		<name>curScript</name>
		<purpose><par>Get/Set infos about the current script</par></purpose>
		<descr><par>This static class returns information about the current script and allows to modify some script settings (i.e. its timeout value)</par></descr>
		<note><par>The concept of curScript is different from that of curFile because a script can be composed of on or more files if it invokes the include command during its execution</par></note>
	</class>
</bifdoc>
