<?xml version="1.0" encoding="ISO-8859-1"?>
<!DOCTYPE bifdoc SYSTEM "http://www.tabasoft.it/biferno/bfdocdtd/bifdoc.dtd">
<bifdoc>
	<method static="yes" visibility="public">
		<pclass>curScript</pclass>
		<name>Delay</name>
		<purpose><par>Temporarily suspends execution</par></purpose>
		<prototype>
			<param_list>
				<param>
					<pclass>int</pclass>
					<name>seconds</name>
					<descr><par>the number of seconds after the script execution must be resumed</par></descr>
				</param>
			</param_list>
		</prototype>
		<descr><par>Calling this method the execution of the script is suspended for some seconds (the script is put in sleep and waked up after some time)</par></descr>
	</method>
</bifdoc>
