<?xml version="1.0" encoding="ISO-8859-1"?>
<!DOCTYPE bifdoc SYSTEM "http://www.tabasoft.it/biferno/bfdocdtd/bifdoc.dtd">
<bifdoc>
	<method static="yes" visibility="public">
		<pclass>curScript</pclass>
		<name>GetCustomOutput</name>
		<purpose><par>Custom output function name</par></purpose>
		<prototype>
			<return_value>
				<pclass>string</pclass>
			</return_value>
		</prototype>
		<descr><par>This method returns the name of the custom output function if any has been installed, otherwise returns an empty string.</par></descr>
		<see_also><par><link linkend="method.curScript.SetCustomOutput">SetCustomOutput</link>, <link linkend="method.curScript.SetStandardOutput">SetStandardOutput </link>
</par></see_also>
	</method>
</bifdoc>
