<?xml version="1.0" encoding="ISO-8859-1"?>
<!DOCTYPE bifdoc SYSTEM "http://www.tabasoft.it/biferno/bfdocdtd/bifdoc.dtd">
<bifdoc>
	<method static="yes" visibility="public">
		<pclass>curScript</pclass>
		<name>GetIndVariable</name>
		<purpose><par>Get variables list of current script</par></purpose>
		<prototype>
			<return_value>
				<pclass>obj</pclass>
			</return_value>
			<param_list>
				<param>
					<pclass>int</pclass>
					<name>index</name>
					<default>1</default>
					<descr><par>the index of the variable in the list</par></descr>
				</param>
				<param>
					<pclass>ref</pclass>
					<ptarget>string</ptarget>
					<name>name</name>
					<descr><par>on output, the name of the variable requested</par></descr>
				</param>
				<param>
					<pclass>boolean</pclass>
					<name>sorted</name>
					<default>false</default>
					<descr><par>specifies if the list must be sorted alphabetically, before getting the index-th variable</par></descr>
				</param>
				<param>
					<pclass>string</pclass>
					<name>scope</name>
					<default>"local"</default>
					<descr><par>defines the list to get the variable from. Possible lists corresponds to possible scopes: local, global, application, session, persistent</par></descr>
				</param>
			</param_list>
		</prototype>
		<descr><par>The GetIndVariables returns the value of the variable corresponding to a given position in the &quot;list&quot; of current script variables and, optionally, the name of the variable itself.</par>
<par>
&quot;Lists&quot; are relative to scopes; each scope maintains a list with all variables (of the current script) belonging to that scope (and to specify a list means to specify a scope).
</par></descr>
		<see_also><par><link linkend="method.curScript.GetTotVariables">GetTotVariables</link></par></see_also>
		<note><par>Example: the following script prints all local variables (with their names) of the current script

<code>
totVars = curScript.GetTotVariables(&quot;local&quot;)
theVar = &quot;&quot;
for(i = 1; i &lt;= totVars; i++)
{
theVar = curScript.GetIndVariable(i, &amp;name, false, &quot;local&quot;) 
$name + &quot;: &quot; + theVar + &quot;&lt;br&gt;&quot;
}
</code>
Note that the variables <inlinecode>i</inlinecode>, <inlinecode>totVars</inlinecode> and <inlinecode>theVar</inlinecode> will not be included in the printed list because they have been defined after the GetTotVariables call.</par>
<par>
Besides, note that <inlinecode>theVar</inlinecode> is initialized before the loop (to empty string) in order to define its class and to avoid typecast problems. Without that initialization, if the first variable of the list is an int <inlinecode>theVar</inlinecode> is initialized to int and following typecasts could fail if subsequent variables are not numbers (that is a common case).</par></note>
	</method>
</bifdoc>
