<?xml version="1.0" encoding="ISO-8859-1"?>
<!DOCTYPE bifdoc SYSTEM "http://www.tabasoft.it/biferno/bfdocdtd/bifdoc.dtd">
<bifdoc>
	<method static="yes" visibility="public">
		<pclass>curScript</pclass>
		<name>GetNumFormat</name>
		<purpose><par>Get the current decimal and thousand separators</par></purpose>
		<prototype>
			<param_list>
				<param>
					<pclass>ref</pclass>
					<ptarget>char</ptarget>
					<name>thousSep</name>
					<descr><par>on output, the thousand separator character</par></descr>
				</param>
				<param>
					<pclass>ref</pclass>
					<ptarget>char</ptarget>
					<name>decimSep</name>
					<descr><par>on output, the decimal separator character</par></descr>
				</param>
			</param_list>
		</prototype>
		<descr><par>Use this method to get the decimal and thousand separators for current script</par></descr>
		<see_also><par><link linkend="method.curScript.SetNumFormat">SetNumFormat</link></par></see_also>
	</method>
</bifdoc>
