<?xml version="1.0" encoding="ISO-8859-1"?>
<!DOCTYPE bifdoc SYSTEM "http://www.tabasoft.it/biferno/bfdocdtd/bifdoc.dtd">
<bifdoc>
	<method static="yes" visibility="public">
		<pclass>curScript</pclass>
		<name>GetTotVariables</name>
		<purpose><par>Total variables of current script</par></purpose>
		<prototype>
			<return_value>
				<pclass>int</pclass>
			</return_value>
			<param_list>
				<param>
					<pclass>string</pclass>
					<name>scope</name>
					<default>"local"</default>
					<descr><par>defines the list of variables. Possible lists corresponds to possible scopes: local, global, application, session, persistent</par></descr>
				</param>
			</param_list>
		</prototype>
		<descr><par>The GetTotVariables returns the total number of variables in the &quot;list&quot; of current script variables.</par>
<par>
&quot;Lists&quot; are relative to scopes; each scope maintains a list with all variables (of the current script) belonging to that scope (and to specify a list means to specify a scope).
</par></descr>
		<see_also><par><link linkend="method.curScript.GetIndVariable">GetIndVariable</link></par></see_also>
		<note><par>See exmaple of GetIndVariables method </par></note>
	</method>
</bifdoc>
