<?xml version="1.0" encoding="ISO-8859-1"?>
<!DOCTYPE bifdoc SYSTEM "http://www.tabasoft.it/biferno/bfdocdtd/bifdoc.dtd">
<bifdoc>
	<method static="yes" visibility="public">
		<pclass>curScript</pclass>
		<name>IsDef</name>
		<purpose><par>Checks if a variable is defined</par></purpose>
		<prototype>
			<return_value>
				<pclass>boolean</pclass>
			</return_value>
			<param_list>
				<param>
					<pclass>string</pclass>
					<name>name</name>
					<descr><par>the name of the variable to check</par></descr>
				</param>
			</param_list>
		</prototype>
		<descr><par>If we need to know if a variable is defined or undefined, we can use the method IsDef.
This method requires a string called name as a parameter and returns the true value if a variable with identifier name exists, or false if no variable with identifier name exists. Example:
<code>
if (curScript.IsDef(&quot;myVar&quot;))
	print(myVar)
</code>
</par></descr>
		<see_also><par><link linkend="method.curScript.Undef">Undef</link></par></see_also>
		<note><par>Notice that the IsDef function, unlike Undef, does not take an object as parameter, but rather a string containing the object name. This avoids an error condition if the variable has never been defined. In the case of the Undef function, an error condition should occur, because it is not legal to invoke Undef on an undefined object.</par></note>
	</method>
</bifdoc>
