<?xml version="1.0" encoding="ISO-8859-1"?>
<!DOCTYPE bifdoc SYSTEM "http://www.tabasoft.it/biferno/bfdocdtd/bifdoc.dtd">
<bifdoc>
	<method static="yes" visibility="public">
		<pclass>curScript</pclass>
		<name>LaunchProcess</name>
		<purpose><par>Launch a process from the current script</par></purpose>
		<prototype>
			<return_value>
				<pclass>boolean</pclass>
			</return_value>
			<param_list>
				<param>
					<pclass>string</pclass>
					<name>executablePath</name>
					<descr><par>a string containing the path of the executable file. This can be, for example, a &quot;.exe&quot; on Windows or an executable command on Unix. The path must be in Biferno file format, NOT native format</par></descr>
				</param>
				<param>
					<pclass>string</pclass>
					<name>commandLineString</name>
					<descr><par>parameter arguments to pass to the executabel (as if written on a command line). If commandLineString contains path, they must be expressed in native format</par></descr>
				</param>
				<param>
					<pclass>boolean</pclass>
					<name>waitEnd</name>
					<descr><par>if true, the call blocks until the called process is terminated, or until a timeout (timeout_ms) is reached. If false the call is not blocked and timeout is not used</par></descr>
				</param>
				<param>
					<pclass>unsigned</pclass>
					<name>timeout_ms</name>
					<descr><par>if the call wait for the process to terminate, a timeout (in milliseconds) can be set to prevent infinite blocks.</par></descr>
				</param>
			</param_list>
		</prototype>
		<descr><par>This method can be used to execute a process on the same computer where Biferno is running.</par></descr>
		<note><par>Example: this script executes WZZIP.EXE (in a Windows OS) to zip a folder
<code>
zipExePath = &quot;file://D/Program Files/WinZip/WZZIP.EXE&quot;
zipCommand = &quot; -rP myFolder.zip myFolder\\*.*&quot;
curScript.LaunchProcess(zipExePath, zipCommand, true, 1000 * 600);
</code>
</par></note>
	</method>
</bifdoc>
