<?xml version="1.0" encoding="ISO-8859-1"?>
<!DOCTYPE bifdoc SYSTEM "http://www.tabasoft.it/biferno/bfdocdtd/bifdoc.dtd">
<bifdoc>
	<property static="yes" visibility="public">
		<pclass>curScript</pclass>
		<name>maxThreads</name>
		<return_value>
			<pclass>int</pclass>
		</return_value>
		<descr><par>Returns the max number of threads involved in the current script.</par></descr>
		<see_also><par><link linkend="property.curScript.currentThreads">currentThreads</link></par></see_also>
		<note><par>See notes in currentThreads</par></note>
	</property>
</bifdoc>
