<?xml version="1.0" encoding="ISO-8859-1"?>
<!DOCTYPE bifdoc SYSTEM "http://www.tabasoft.it/biferno/bfdocdtd/bifdoc.dtd">
<bifdoc>
	<method static="yes" visibility="public">
		<pclass>curScript</pclass>
		<name>SetCustomOutput</name>
		<purpose><par>Installs function for redirecting script output</par></purpose>
		<prototype>
			<param_list>
				<param>
					<pclass>string</pclass>
					<name>outputFunction</name>
					<descr><par>the name of the custom function</par></descr>
				</param>
			</param_list>
		</prototype>
		<descr><par>This method can be used to install a custom &quot;callback&quot; output: after this call, when the print command (or $$ or $$...$$ commands) are invoked the function &quot;outputFunction&quot; is called instead of the simple &quot;print&quot;.</par>
<par>The custom function must have the following prototype:
<code>
function void myFunc(string text)
</code>
and remains installed only during the current script</par></descr>
		<see_also><par><link linkend="method.curScript.GetCustomOutput">GetCustomOutput</link>, <link linkend="method.curScript.SetStandardOutput">SetStandardOutput</link>

</par></see_also>
		<note><par>
Example:
<code>
function void PrintRed(string text)
{
	print('&lt;font color=&quot;red&quot;&gt;')
	print(text)
	print('&lt;/font&gt;')
}
curScript.SetCustomOutput(&quot;PrintRed&quot;)
</code>
the above code causes all output strings to be printed in red text color.
</par>
<par>To reinstall the default output function (&quot;print&quot;) call the method SetStandardOutput</par></note>
	</method>
</bifdoc>
