<?xml version="1.0" encoding="ISO-8859-1"?>
<!DOCTYPE bifdoc SYSTEM "http://www.tabasoft.it/biferno/bfdocdtd/bifdoc.dtd">
<bifdoc>
	<method static="yes" visibility="public">
		<pclass>curScript</pclass>
		<name>SetNumFormat</name>
		<purpose><par>Specify decimal and thousand separators for current script</par></purpose>
		<prototype>
			<param_list>
				<param>
					<pclass>char</pclass>
					<name>thousSep</name>
					<descr><par>the new thousand separator character</par></descr>
				</param>
				<param>
					<pclass>char</pclass>
					<name>decimSep</name>
					<descr><par>the new decimal separator character</par></descr>
				</param>
			</param_list>
		</prototype>
		<descr><par>The SetNumFormat static method allows to specify for a single current script within an application the decimal and thousand separators to be used during string conversion, temporarily replacing the application defaults defined in the &ldquo;Biferno.config.bfr&rdquo; file (THOUSAND_SEP and DECIMAL_SEP).</par>
<par>
The following example clarifies its use:
<code>
a = 1234.567 // a is of classe double
b = a.ToString() //b is &quot;1234,57&quot; &ndash; notice rounding
c = a.ToString(true) //c is &quot;1.234,57&quot;
d = a.ToString(true, 1) //d is &quot;1.234,6&quot;
int.SetFormat(&quot;,&quot;,&quot;.&quot;)
e = a.ToString(true, 5) //e is &quot;1,234.567&quot;
f = a.ToString(true, 5, false) //f is &quot;1,234.56700&quot;
</code>
</par></descr>
		<see_also><par><link linkend="method.curScript.GetNumFormat">GetNumFormat</link></par></see_also>
	</method>
</bifdoc>
