<?xml version="1.0" encoding="ISO-8859-1"?>
<!DOCTYPE bifdoc SYSTEM "http://www.tabasoft.it/biferno/bfdocdtd/bifdoc.dtd">
<bifdoc>
	<method static="yes" visibility="public">
		<pclass>curScript</pclass>
		<name>SetStandardOutput</name>
		<purpose><par>Restores default output function</par></purpose>
		<prototype></prototype>
		<descr><par>If a custom output function was installed in the current script, this method restores the default behaviour for output (the default &quot;print&quot; function)</par></descr>
		<see_also><par><link linkend="method.curScript.GetCustomOutput">GetCustomOutput</link>, <link linkend="method.curScript.SetCustomOutput">SetCustomOutput</link>
</par></see_also>
	</method>
</bifdoc>
