<?xml version="1.0" encoding="ISO-8859-1"?>
<!DOCTYPE bifdoc SYSTEM "http://www.tabasoft.it/biferno/bfdocdtd/bifdoc.dtd">
<bifdoc>
	<property static="yes" visibility="public">
		<pclass>curScript</pclass>
		<name>timeout</name>
		<purpose><par>The timeout of the script</par></purpose>
		<return_value>
			<pclass>unsigned</pclass>
		</return_value>
		<descr><par>Get this property to know wich is the current timeout for the script. Set the property to modify that value for the current script</par></descr>
		<see_also><par><link linkend="error.error.Err_Timeout">Err_Timeout</link></par></see_also>
		<note><par>If the execution time of the script exceeds the value of <inlinecode>curScript.timeout</inlinecode> an error Err_Timeout is thrown. This eliminates the risk of possible endless loops in the code. To avoid timeout at all set <inlinecode>timeout</inlinecode> to 0 (zero). Note, however, that this removes protection from possible infinite loops.</par>
<par>The following code exits with error Err_Timeout after 1 minute:</par>
<code>
curScript.timeout = 1
i = 1
while(i);
</code>
<par>The default value for timeout is defined by application variable TIMEOUT and default value for this variable is 2 minutes.</par></note>
	</property>
</bifdoc>
