<?xml version="1.0" encoding="ISO-8859-1"?>
<!DOCTYPE bifdoc SYSTEM "http://www.tabasoft.it/biferno/bfdocdtd/bifdoc.dtd">
<bifdoc>
	<method static="yes" visibility="public">
		<pclass>curScript</pclass>
		<name>Undef</name>
		<purpose><par>Deletes a variable</par></purpose>
		<prototype>
			<param_list>
				<param>
					<pclass>obj</pclass>
					<name>variable</name>
					<descr><par>the variable to delete</par></descr>
				</param>
			</param_list>
		</prototype>
		<descr><par>Requires as a parameter an object identifier, i.e. a variable belonging to any class. The supplied object is made undefined and it will behave from now on as if it was have never defined. The Undef method returns void.
<code>
Undef(myVar)
</code>
</par></descr>
		<see_also><par><link linkend="method.curScript.IsDef">IsDef</link>, <link linkend="error.error.Err_IllegalUndef">Err_IllegalUndef</link></par></see_also>
		<note><par>Notice that the IsDef function, unlike Undef, does not take an object as parameter, but rather a string containing the object name. This avoids an error condition if the variable has never been defined. In the case of the Undef function, an error condition should occur, because it is not legal to invoke Undef on an undefined object. To validate the parameter to Undef, a code fragment code similar to the following can be used:
<code>
if (IsDef(&quot;myVar&quot;))
	Undef(myVar)
</code>
The Undef function cannot be used on &ldquo;literal&rdquo; variables or on the result of an operation. The code fragments:
<code>
Undef(&quot;foo&quot;) // error Err_IllegalUndef!
</code>
and
<code>
Undef(a + b) // error Err_IllegalUndef!
</code>
both generate the Err_IllegalUndef error.
</par></note>
	</method>
</bifdoc>
