<?xml version="1.0" encoding="ISO-8859-1"?>
<!DOCTYPE bifdoc SYSTEM "http://www.tabasoft.it/biferno/bfdocdtd/bifdoc.dtd">
<bifdoc>
	<method static="yes" visibility="public">
		<pclass>curScript</pclass>
		<name>ValueOf</name>
		<purpose><par>Evaluates a single line of code</par></purpose>
		<prototype>
			<return_value>
				<pclass>obj</pclass>
			</return_value>
			<param_list>
				<param>
					<pclass>string</pclass>
					<name>line</name>
					<descr><par>the line to evaluate</par></descr>
				</param>
			</param_list>
		</prototype>
		<descr><par>This method evaluates a line of code. It can be, for example, a simple name of a variable or a more complex line</par></descr>
		<returns><par>the object resulting from the evaluation or an empty string if the evaluation caused the error Err_UndefinedIdentifier. </par></returns>
		<see_also><par><link linkend="function.Eval">Eval</link></par></see_also>
		<note><par>Examples:
<code>
// prints value of aname or empty string
// if aname doesn't exist
$curScript.ValueOf(&quot;aname&quot;)
// prints value of myString.length
$curScript.ValueOf(&quot;myString.length&quot;)
</code>
</par>
<par>Use Eval to evaluates real blocks of code</par></note>
	</method>
</bifdoc>
