<?xml version="1.0" encoding="ISO-8859-1"?>
<!DOCTYPE bifdoc SYSTEM "http://www.tabasoft.it/biferno/bfdocdtd/bifdoc.dtd">
<bifdoc>
	<class implem="b">
		<name>cookie</name>
		<purpose><par>Manages client cookies</par></purpose>
		<descr><par>Cookies are a general mechanism which server side connections (such as Biferno) can use to both store and retrieve information on the client side of the connection. The addition of a simple, persistent, client-side state significantly extends the capabilities of Web-based client/server applications</par>
<par>This class has useful methods to get/set cookies on the client browser. To this end the class acts on the pageOut,head property to modify the HTTP header fields returned to the browser.</par>
<par>This class is entirely static.</par></descr>
	</class>
</bifdoc>
