<?xml version="1.0" encoding="ISO-8859-1"?>
<!DOCTYPE bifdoc SYSTEM "http://www.tabasoft.it/biferno/bfdocdtd/bifdoc.dtd">
<bifdoc>
	<method static="yes" visibility="public">
		<pclass>cookie</pclass>
		<name>Get</name>
		<purpose><par>Gets the value of a cookie</par></purpose>
		<prototype>
			<return_value>
				<pclass>string</pclass>
			</return_value>
			<param_list>
				<param>
					<pclass>string</pclass>
					<name>name</name>
					<descr><par>the name of the cookie</par></descr>
				</param>
			</param_list>
		</prototype>
		<descr><par>Retrieves tha value of a cookie with name &quot;name&quot;</par></descr>
		<note><par>If a cookie with that name doesn't exist an empty string is returned</par></note>
	</method>
</bifdoc>
