<?xml version="1.0" encoding="ISO-8859-1"?>
<!DOCTYPE bifdoc SYSTEM "http://www.tabasoft.it/biferno/bfdocdtd/bifdoc.dtd">
<bifdoc>
	<method static="yes" visibility="public">
		<pclass>cookie</pclass>
		<name>GetAll</name>
		<purpose><par>Retrieves all cookies</par></purpose>
		<prototype>
			<return_value>
				<pclass>string</pclass>
			</return_value>
		</prototype>
		<descr><par>Returns the value of all cookies as sent by the browser, that is, the content of the HTTP header &quot;Cookie&quot;</par></descr>
	</method>
</bifdoc>
