<?xml version="1.0" encoding="ISO-8859-1"?>
<!DOCTYPE bifdoc SYSTEM "http://www.tabasoft.it/biferno/bfdocdtd/bifdoc.dtd">
<bifdoc>
	<method static="yes" visibility="public">
		<pclass>cookie</pclass>
		<name>GetArray</name>
		<purpose><par>Returns an array containing cookies</par></purpose>
		<prototype>
			<return_value>
				<pclass>array</pclass>
			</return_value>
		</prototype>
		<descr><par>Returns an associative array containing all the cookie sent by the browser. Name and values are contained in name and values of the elements</par></descr>
	</method>
</bifdoc>
