<?xml version="1.0" encoding="ISO-8859-1"?>
<!DOCTYPE bifdoc SYSTEM "http://www.tabasoft.it/biferno/bfdocdtd/bifdoc.dtd">
<bifdoc>
	<method static="yes" visibility="public">
		<pclass>cookie</pclass>
		<name>Set</name>
		<purpose><par>Sets a cookie with all parameters</par></purpose>
		<prototype>
			<param_list>
				<param>
					<pclass>string</pclass>
					<name>name</name>
					<descr><par>the name of the cookie</par></descr>
				</param>
				<param>
					<pclass>string</pclass>
					<name>data</name>
					<descr><par>the value of the cookie</par></descr>
				</param>
				<param>
					<pclass>time</pclass>
					<name>expireTime</name>
					<descr><par>the date after which the cookie will be destroyed</par></descr>
				</param>
				<param>
					<pclass>string</pclass>
					<name>path</name>
					<descr><par>is used to specify the subset of URLs in a domain for which the cookie is valid.  If a cookie has already passed domain matching (see next parameter), then the pathname component of the URL is compared with the path attribute, and if there is a match, the cookie is considered valid and is sent along with the URL request. The path &quot;/foo&quot; would match &quot;/foobar&quot; and &quot;/foo/bar.html&quot;.  The path &quot;/&quot; is the most general path. </par><par>
If the path is not specified, it as assumed to be the same path as the document being described by the header which contains the cookie. </par></descr>
				</param>
				<param>
					<pclass>string</pclass>
					<name>domain</name>
					<descr><par>when searching the cookie list for valid cookies, a comparison of the domain attributes of the cookie is made with the Internet domain name of the host from which the URL will be fetched.  If there is a tail match, then the cookie will go through path matching to see if it should be sent.  &quot;Tail matching&quot; means that domain attribute is matched against the tail of the fully qualified domain name of the host.  A domain attribute of &quot;acme.com&quot; would match host names &quot;anvil.acme.com&quot; as well as &quot;shipping.crate.acme.com&quot;. 

 Only hosts within the specified domain can set a cookie for a domain and domains must have at least two (2) or three (3) periods in them to prevent domains of the form:  &quot;.com&quot;, &quot;.edu&quot;, and &quot;va.us&quot;.  Any domain that fails within one of the seven special top level domains listed below only require two periods.  Any other domain requires at least three.  The seven special top level domains are: &quot;COM&quot;, &quot;EDU&quot;, &quot;NET&quot;, &quot;ORG&quot;,  &quot;GOV&quot;, &quot;MIL&quot;, and &quot;INT&quot;.   </par><par>

The default value of domain is the host name of the server which generated the cookie response. </par></descr>
				</param>
				<param>
					<pclass>boolean</pclass>
					<name>secure</name>
					<descr><par>if a cookie is marked secure, it will only be transmitted if the communications channel with the host is a secure one.  Currently this means that secure cookies will only be sent to HTTPS (HTTP over SSL) servers. 
</par><par>
If secure is not specified, a cookie is considered safe to be sent in the clear over unsecured channels. </par></descr>
				</param>
			</param_list>
		</prototype>
		<descr><par>Sets a cookie name and value. All the parameters of the cookie can be set (see Parameters)</par></descr>
	</method>
</bifdoc>
