<?xml version="1.0" encoding="ISO-8859-1"?>
<!DOCTYPE bifdoc SYSTEM "http://www.tabasoft.it/biferno/bfdocdtd/bifdoc.dtd">
<bifdoc>
	<method static="yes" visibility="public">
		<pclass>cookie</pclass>
		<name>SetTemp</name>
		<purpose><par>Sets a temporary cookie</par></purpose>
		<prototype>
			<param_list>
				<param>
					<pclass>string</pclass>
					<name>name</name>
					<descr><par>the name of the cookie</par></descr>
				</param>
				<param>
					<pclass>string</pclass>
					<name>data</name>
					<descr><par>the value of the cookie</par></descr>
				</param>
			</param_list>
		</prototype>
		<descr><par>Sets a cookie name and value. The cookie is temporary and will be destroyed when the client Browser quits</par></descr>
	</method>
</bifdoc>
