<?xml version="1.0" encoding="ISO-8859-1"?>
<!DOCTYPE bifdoc SYSTEM "http://www.tabasoft.it/biferno/bfdocdtd/bifdoc.dtd">
<bifdoc>
	<class implem="c">
		<name>boolean</name>
		<descr><par>The class boolean describes boolean values (&#34;true&#34; or &#34;false&#34; objects) usually result of logic expressions  </par></descr>
		<note><par>A boolean converted to string is: &quot;&quot; if the value is false, &quot;true&quot; otherwise</par></note>
	</class>
	<method static="no" visibility="public">
		<pclass>boolean</pclass>
		<name>boolean</name>
		<prototype>
			<param_list>
				<param>
					<pclass>obj</pclass>
					<name>var</name>
					<descr><par>true, false or a variable convertible to boolean</par></descr>
				</param>
			</param_list>
		</prototype>
		<descr><par>n.a.</par></descr>
	</method>
</bifdoc>
