<?xml version="1.0" encoding="ISO-8859-1"?>
<!DOCTYPE bifdoc SYSTEM "http://www.tabasoft.it/biferno/bfdocdtd/bifdoc.dtd">
<bifdoc>
	<method static="yes" visibility="public">
		<pclass>utils</pclass>
		<name>Alert</name>
		<purpose><par>Display of a javascript alert</par></purpose>
		<prototype>
			<param_list>
				<param>
					<pclass>string</pclass>
					<name>msg</name>
					<descr><par>The text to show to the user</par></descr>
				</param>
				<param>
					<pclass>boolean</pclass>
					<name>newWin</name>
					<descr><par>if <inlinecode>true</inlinecode>, a new window is open, otherwise a simple alert is showed to the user.</par></descr>
				</param>
			</param_list>
		</prototype>
		<descr><par>this method shows to the user a message using javascript <inlinecode>alert</inlinecode> or <inlinecode>window.open</inlinecode> depending on the second parameter.</par></descr>
	</method>
</bifdoc>
