<?xml version="1.0" encoding="ISO-8859-1"?>
<!DOCTYPE bifdoc SYSTEM "http://www.tabasoft.it/biferno/bfdocdtd/bifdoc.dtd">
<bifdoc>
	<property static="yes" visibility="public">
		<pclass>biferno</pclass>
		<name>functions</name>
		<return_value>
			<pclass>array</pclass>
			<aeclass>string</aeclass>
			<aelevel>1</aelevel>
		</return_value>
		<descr><par>All the predefined functions defined in Biferno</par></descr>
		<see_also><par><link linkend="property.curApp.functions">curApp.functions</link></par></see_also>
		<note><par>Predefined functions are all functions C compiled and available since startup of Biferno
</par></note>
	</property>
</bifdoc>
