<?xml version="1.0" encoding="ISO-8859-1"?>
<!DOCTYPE bifdoc SYSTEM "http://www.tabasoft.it/biferno/bfdocdtd/bifdoc.dtd">
<bifdoc>
	<property static="yes" visibility="public">
		<pclass>biferno</pclass>
		<name>home</name>
		<return_value>
			<pclass>string</pclass>
		</return_value>
		<descr><par>The path to BifernoHome, that is the central folder containing all the base configuration file.</par></descr>
		<returns><par>A string containing the full path (beginning with "file://").</par></returns>
	</property>
</bifdoc>
