<?xml version="1.0" encoding="ISO-8859-1"?>
<!DOCTYPE bifdoc SYSTEM "http://www.tabasoft.it/biferno/bfdocdtd/bifdoc.dtd">
<bifdoc>
	<property static="yes" visibility="public">
		<pclass>biferno</pclass>
		<name>maxUsers</name>
		<return_value>
			<pclass>int</pclass>
		</return_value>
		<descr><par>The MAX_USERS parameters specifies the maximum number of simultaneous connections supported by Biferno. The default value for this parameter is 32 on Unix and Windows, while on Mac OS Classic it depends on the Web server configuration. The maximum value is 10000 (ten thousand).</par></descr>
		<note><par>The property is only read</par>
<par>In most cases the default value of this parameter allows to obtain optimal performances from Biferno. We advise to make modifications only if strictly necessary based on the number of accesses required and on the amount of RAM available on the server.
</par>
<par>This value can be modified using the line:

<code>MAX_USERS n</code>

in the file "biferno.conf" in BifernoHome</par></note>
	</property>
</bifdoc>
