<?xml version="1.0" encoding="ISO-8859-1"?>
<!DOCTYPE bifdoc SYSTEM "http://www.tabasoft.it/biferno/bfdocdtd/bifdoc.dtd">
<bifdoc>
	<property static="yes" visibility="public">
		<pclass>biferno</pclass>
		<name>os</name>
		<return_value>
			<pclass>string</pclass>
		</return_value>
		<descr><par>Use this property to know which system Biferno is running on</par></descr>
		<returns><par>A string describing the system Biferno is running on.
Example: "Unix: Linux 2.2.19-6.2.7 #1 SMP Mon Jul 23 17:11:11 CEST 2001 i686 unknown".</par></returns>
		<note><par>The string begins with: MacOS, Unix or Windows. For MacOSX begins with "Unix: Darwin"</par></note>
	</property>
</bifdoc>
