<?xml version="1.0" encoding="ISO-8859-1"?>
<!DOCTYPE bifdoc SYSTEM "http://www.tabasoft.it/biferno/bfdocdtd/bifdoc.dtd">
<bifdoc>
	<property static="yes" visibility="public">
		<pclass>biferno</pclass>
		<name>poolFactor</name>
		<return_value>
			<pclass>int</pclass>
		</return_value>
		<descr><par>The POOL_FACTOR parameter determines the amount of RAM pre-allocated by Biferno for its internal data structures. The default value for this parameter is 1 and the maximum value is 10 (ten). The total amount of RAM used by Biferno is proportional to the number of simultaneous users (MAX_USERS) and to the value of the POOL_FACTOR parameter.</par></descr>
		<note><par>The property is only read</par>
<par>In most cases the default values of this parameter allows to obtain optimal performances from Biferno. We advise to make modifications only if strictly necessary based on the number of accesses required and on the amount of RAM available on the server.</par>
<par>This value can be modified using the line:

<code>POOL_FACTOR n</code>

in the file "biferno.conf" in BifernoHome</par></note>
	</property>
</bifdoc>
