<?xml version="1.0" encoding="ISO-8859-1"?>
<!DOCTYPE bifdoc SYSTEM "http://www.tabasoft.it/biferno/bfdocdtd/bifdoc.dtd">
<bifdoc>
	<property static="yes" visibility="public">
		<pclass>biferno</pclass>
		<name>upSince</name>
		<return_value>
			<pclass>time</pclass>
		</return_value>
		<descr><par>This property returns the time of last startup of Biferno</par></descr>
		<returns><par>A class <link linkend="class.time">time</link> variable containing the last startup</par></returns>
	</property>
</bifdoc>
