<?xml version="1.0" encoding="ISO-8859-1"?>
<!DOCTYPE bifdoc SYSTEM "http://www.tabasoft.it/biferno/bfdocdtd/bifdoc.dtd">
<bifdoc>
	<property static="yes" visibility="public">
		<pclass>biferno</pclass>
		<name>versionNum</name>
		<return_value>
			<pclass>unsigned</pclass>
		</return_value>
		<descr><par>The Biferno version</par></descr>
		<returns><par>A number containing the current version of Biferno, as: <inlinecode>$biferno.versionNum$</inlinecode></par></returns>
		<note><par>Can be useful to analyze the number using the <link linkend="method.unsigned.Hex">Hex</link> method of number, as in: biferno.versionNum.Hex(): <inlinecode>$biferno.versionNum.Hex()$</inlinecode></par>
<par>In this case only the last 3 couples of char the relevant.</par></note>
	</property>
</bifdoc>
