<?xml version="1.0" encoding="ISO-8859-1"?>
<!DOCTYPE bifdoc SYSTEM "http://www.tabasoft.it/biferno/bfdocdtd/bifdoc.dtd">
<bifdoc>
	<method static="yes" visibility="public">
		<pclass>headerExt</pclass>
		<name>GetHeader</name>
		<purpose><par>Get an header field of request</par></purpose>
		<prototype>
			<return_value>
				<pclass>string</pclass>
			</return_value>
			<param_list>
				<param>
					<pclass>string</pclass>
					<name>name</name>
					<descr><par>the name of the field to retrieve</par></descr>
				</param>
			</param_list>
		</prototype>
		<descr><par>Returns the value of a field in th request HTTP header</par></descr>
	</method>
</bifdoc>
