<?xml version="1.0" encoding="ISO-8859-1"?>
<!DOCTYPE bifdoc SYSTEM "http://www.tabasoft.it/biferno/bfdocdtd/bifdoc.dtd">
<bifdoc>
	<method static="yes" visibility="public">
		<pclass>headerExt</pclass>
		<name>SetHeader</name>
		<purpose><par>Add/Set reposnse header field</par></purpose>
		<prototype>
			<param_list>
				<param>
					<pclass>string</pclass>
					<name>name</name>
					<descr><par>the name of the field</par></descr>
				</param>
				<param>
					<pclass>string</pclass>
					<name>content</name>
					<descr><par>the value of the field</par></descr>
				</param>
			</param_list>
		</prototype>
		<descr><par>Modify a value of a field of the response HTTP header. If the field doesn't exist, add it</par></descr>
	</method>
</bifdoc>
